#
# There is insufficient memory for the Java Runtime Environment to continue.
# Native memory allocation (malloc) failed to allocate 1350640 bytes. Error detail: Chunk::new
# Possible reasons:
#   The system is out of physical RAM or swap space
#   This process is running with CompressedOops enabled, and the Java Heap may be blocking the growth of the native heap
# Possible solutions:
#   Reduce memory load on the system
#   Increase physical memory or swap space
#   Check if swap backing store is full
#   Decrease Java heap size (-Xmx/-Xms)
#   Decrease number of Java threads
#   Decrease Java thread stack sizes (-Xss)
#   Set larger code cache with -XX:ReservedCodeCacheSize=
#   JVM is running with Unscaled Compressed Oops mode in which the Java heap is
#     placed in the first 4GB address space. The Java Heap base address is the
#     maximum limit for the native heap growth. Please use -XX:HeapBaseMinAddress
#     to set the Java Heap base and to place the Java Heap above 4GB virtual address.
# This output file may be truncated or incomplete.
#
#  Out of Memory Error (arena.cpp:168), pid=42316, tid=34276
#
# JRE version: OpenJDK Runtime Environment Temurin-21.0.12+8 (21.0.12+8) (build 21.0.12+8-LTS)
# Java VM: OpenJDK 64-Bit Server VM Temurin-21.0.12+8 (21.0.12+8-LTS, mixed mode, sharing, tiered, compressed oops, compressed class ptrs, g1 gc, windows-amd64)
# No core dump will be written. Minidumps are not enabled by default on client versions of Windows
#

---------------  S U M M A R Y ------------

Command Line: --add-opens=java.base/java.lang=ALL-UNNAMED --add-opens=java.base/java.lang.invoke=ALL-UNNAMED --add-opens=java.base/java.util=ALL-UNNAMED --add-opens=java.prefs/java.util.prefs=ALL-UNNAMED --add-exports=jdk.compiler/com.sun.tools.javac.api=ALL-UNNAMED --add-exports=jdk.compiler/com.sun.tools.javac.util=ALL-UNNAMED --add-opens=java.base/java.nio.charset=ALL-UNNAMED --add-opens=java.base/java.net=ALL-UNNAMED --add-opens=java.base/java.util.concurrent=ALL-UNNAMED --add-opens=java.base/java.util.concurrent.atomic=ALL-UNNAMED --add-opens=java.xml/javax.xml.namespace=ALL-UNNAMED --add-opens=java.base/java.time=ALL-UNNAMED -XX:MaxMetaspaceSize=384m -XX:+HeapDumpOnOutOfMemoryError -Xms256m -Xmx512m -Dfile.encoding=UTF-8 -Duser.country=AR -Duser.language=es -Duser.variant -javaagent:C:\Users\feder\.gradle\wrapper\dists\gradle-9.6.0-bin\42k10rwplmzkhuboz9kdazi7s\gradle-9.6.0\lib\agents\gradle-instrumentation-agent-9.6.0.jar org.gradle.launcher.daemon.bootstrap.GradleDaemon 9.6.0

Host: 13th Gen Intel(R) Core(TM) i3-1315U, 8 cores, 23G,  Windows 11 , 64 bit Build 26100 (10.0.26100.9444)
Time: Tue Sep 22 11:23:40 2026 Hora estándar de Argentina elapsed time: 2938.539932 seconds (0d 0h 48m 58s)

---------------  T H R E A D  ---------------

Current thread (0x000001922b134420):  JavaThread "C2 CompilerThread0" daemon [_thread_in_native, id=34276, stack(0x0000002dc2100000,0x0000002dc2200000) (1024K)]


Current CompileTask:
C2:2938540 35075   !   4       com.google.common.reflect.TypeVisitor::visit (225 bytes)

Stack: [0x0000002dc2100000,0x0000002dc2200000]
Native frames: (J=compiled Java code, j=interpreted, Vv=VM code, C=native code)
V  [jvm.dll+0x6d83e9]
V  [jvm.dll+0x8b5736]
V  [jvm.dll+0x8b7cee]
V  [jvm.dll+0x8b83d3]
V  [jvm.dll+0x284596]
V  [jvm.dll+0xc685d]
V  [jvm.dll+0xc6da1]
V  [jvm.dll+0x3bf18b]
V  [jvm.dll+0x38b6d2]
V  [jvm.dll+0x38ab1a]
V  [jvm.dll+0x24c700]
V  [jvm.dll+0x24bce0]
V  [jvm.dll+0x1cb4ae]
V  [jvm.dll+0x25baad]
V  [jvm.dll+0x25a03a]
V  [jvm.dll+0x3f8aae]
V  [jvm.dll+0x8600cd]
V  [jvm.dll+0x6d6c1d]
C  [ucrtbase.dll+0x2cd30]
C  [KERNEL32.DLL+0x2cd87]
C  [ntdll.dll+0xacaec]


---------------  P R O C E S S  ---------------

Threads class SMR info:
_java_thread_list=0x0000019249fd2220, length=66, elements={
0x0000019210252000, 0x000001922b1175b0, 0x000001922b118110, 0x000001922b120bf0,
0x000001922b121780, 0x000001922b122960, 0x000001922b12eab0, 0x000001922b134420,
0x000001922b138360, 0x000001922b367760, 0x000001922b3dd270, 0x00000192463c3f10,
0x0000019246335400, 0x0000019245f5d450, 0x0000019246b32d30, 0x0000019246b35490,
0x0000019246b361b0, 0x0000019248c9f130, 0x0000019248c9d060, 0x0000019248c9dd80,
0x0000019248ca0b70, 0x0000019248ca04e0, 0x0000019248ca1200, 0x0000019245707b50,
0x0000019245706e30, 0x00000192457074c0, 0x0000019249076710, 0x0000019251746f40,
0x0000019247c02700, 0x0000019247c02070, 0x000001924ada3020, 0x000001924b40ef20,
0x000001924b4102d0, 0x000001924b410960, 0x0000019246999d30, 0x000001924bbdceb0,
0x000001922b5979b0, 0x000001924bbddbd0, 0x000001924bbdd540, 0x0000019247f4b3f0,
0x0000019247f4a6d0, 0x0000019247f4ba80, 0x0000019247f499b0, 0x0000019247f4ad60,
0x0000019247f4c110, 0x0000019247f48c90, 0x000001925284ac90, 0x0000019252849f70,
0x00000192466ffdc0, 0x000001924b86ad80, 0x000001924b86a6f0, 0x000001924b86b410,
0x000001924c8cf750, 0x0000019246700ae0, 0x0000019247f49320, 0x000001924ada2300,
0x000001922b137c90, 0x000001924b40fc40, 0x000001924b413750, 0x000001924b410ff0,
0x000001924b415820, 0x000001924b416bd0, 0x000001924ada2990, 0x000001924ada1c70,
0x000001924b904c40, 0x000001924b415190
}

Java Threads: ( => current thread )
  0x0000019210252000 JavaThread "main"                              [_thread_blocked, id=29100, stack(0x0000002dc1300000,0x0000002dc1400000) (1024K)]
  0x000001922b1175b0 JavaThread "Reference Handler"          daemon [_thread_blocked, id=3224, stack(0x0000002dc1b00000,0x0000002dc1c00000) (1024K)]
  0x000001922b118110 JavaThread "Finalizer"                  daemon [_thread_blocked, id=9840, stack(0x0000002dc1c00000,0x0000002dc1d00000) (1024K)]
  0x000001922b120bf0 JavaThread "Signal Dispatcher"          daemon [_thread_blocked, id=22340, stack(0x0000002dc1d00000,0x0000002dc1e00000) (1024K)]
  0x000001922b121780 JavaThread "Attach Listener"            daemon [_thread_blocked, id=19532, stack(0x0000002dc1e00000,0x0000002dc1f00000) (1024K)]
  0x000001922b122960 JavaThread "Service Thread"             daemon [_thread_blocked, id=41308, stack(0x0000002dc1f00000,0x0000002dc2000000) (1024K)]
  0x000001922b12eab0 JavaThread "Monitor Deflation Thread"   daemon [_thread_blocked, id=42072, stack(0x0000002dc2000000,0x0000002dc2100000) (1024K)]
=>0x000001922b134420 JavaThread "C2 CompilerThread0"         daemon [_thread_in_native, id=34276, stack(0x0000002dc2100000,0x0000002dc2200000) (1024K)]
  0x000001922b138360 JavaThread "C1 CompilerThread0"         daemon [_thread_in_vm, id=27520, stack(0x0000002dc2200000,0x0000002dc2300000) (1024K)]
  0x000001922b367760 JavaThread "Common-Cleaner"             daemon [_thread_blocked, id=13844, stack(0x0000002dc2300000,0x0000002dc2400000) (1024K)]
  0x000001922b3dd270 JavaThread "Notification Thread"        daemon [_thread_blocked, id=43664, stack(0x0000002dc2400000,0x0000002dc2500000) (1024K)]
  0x00000192463c3f10 JavaThread "Daemon health stats"               [_thread_blocked, id=15852, stack(0x0000002dc2600000,0x0000002dc2700000) (1024K)]
  0x0000019246335400 JavaThread "Incoming local TCP Connector on port 59740"        [_thread_in_native, id=29372, stack(0x0000002dc2c00000,0x0000002dc2d00000) (1024K)]
  0x0000019245f5d450 JavaThread "Daemon periodic checks"            [_thread_blocked, id=40972, stack(0x0000002dc2d00000,0x0000002dc2e00000) (1024K)]
  0x0000019246b32d30 JavaThread "Cache worker for journal cache (C:\Users\feder\.gradle\caches\journal-1)"        [_thread_blocked, id=46516, stack(0x0000002dc3200000,0x0000002dc3300000) (1024K)]
  0x0000019246b35490 JavaThread "File lock request listener"        [_thread_in_native, id=25700, stack(0x0000002dc3500000,0x0000002dc3600000) (1024K)]
  0x0000019246b361b0 JavaThread "Cache worker for file hash cache (C:\Users\feder\.gradle\caches\9.6.0\fileHashes)"        [_thread_blocked, id=1732, stack(0x0000002dc3700000,0x0000002dc3800000) (1024K)]
  0x0000019248c9f130 JavaThread "File watcher server"        daemon [_thread_in_native, id=45632, stack(0x0000002dc3a00000,0x0000002dc3b00000) (1024K)]
  0x0000019248c9d060 JavaThread "File watcher consumer"      daemon [_thread_blocked, id=39696, stack(0x0000002dc3d00000,0x0000002dc3e00000) (1024K)]
  0x0000019248c9dd80 JavaThread "Cache worker for file content cache (C:\Users\feder\.gradle\caches\9.6.0\fileContent)"        [_thread_blocked, id=42852, stack(0x0000002dc3e00000,0x0000002dc3f00000) (1024K)]
  0x0000019248ca0b70 JavaThread "jar transforms"                    [_thread_blocked, id=38104, stack(0x0000002dc4300000,0x0000002dc4400000) (1024K)]
  0x0000019248ca04e0 JavaThread "jar transforms Thread 2"           [_thread_blocked, id=41456, stack(0x0000002dc4400000,0x0000002dc4500000) (1024K)]
  0x0000019248ca1200 JavaThread "jar transforms Thread 3"           [_thread_blocked, id=43268, stack(0x0000002dc4500000,0x0000002dc4600000) (1024K)]
  0x0000019245707b50 JavaThread "Memory manager"                    [_thread_blocked, id=10480, stack(0x0000002dc4d00000,0x0000002dc4e00000) (1024K)]
  0x0000019245706e30 JavaThread "jar transforms Thread 4"           [_thread_blocked, id=45400, stack(0x0000002dc4f00000,0x0000002dc5000000) (1024K)]
  0x00000192457074c0 JavaThread "HttpClient-1-SelectorManager" daemon [_thread_in_native, id=25264, stack(0x0000002dc5000000,0x0000002dc5100000) (1024K)]
  0x0000019249076710 JavaThread "Cache worker for Java compile cache (C:\Users\feder\.gradle\caches\9.6.0\javaCompile)"        [_thread_blocked, id=35572, stack(0x0000002dc5c00000,0x0000002dc5d00000) (1024K)]
  0x0000019251746f40 JavaThread "Daemon Thread 3"                   [_thread_blocked, id=44384, stack(0x0000002dc1000000,0x0000002dc1100000) (1024K)]
  0x0000019247c02700 JavaThread "Handler for socket connection from /127.0.0.1:59740 to /127.0.0.1:60745"        [_thread_in_native, id=11028, stack(0x0000002dc1100000,0x0000002dc1200000) (1024K)]
  0x0000019247c02070 JavaThread "Cancel handler"                    [_thread_blocked, id=5244, stack(0x0000002dc2e00000,0x0000002dc2f00000) (1024K)]
  0x000001924ada3020 JavaThread "Daemon worker Thread 3"            [_thread_blocked, id=45264, stack(0x0000002dc2f00000,0x0000002dc3000000) (1024K)]
  0x000001924b40ef20 JavaThread "Asynchronous log dispatcher for DefaultDaemonConnection: socket connection from /127.0.0.1:59740 to /127.0.0.1:60745"        [_thread_blocked, id=44420, stack(0x0000002dc3000000,0x0000002dc3100000) (1024K)]
  0x000001924b4102d0 JavaThread "Stdin handler"                     [_thread_blocked, id=33032, stack(0x0000002dc3100000,0x0000002dc3200000) (1024K)]
  0x000001924b410960 JavaThread "Daemon client event forwarder"        [_thread_blocked, id=41012, stack(0x0000002dc3300000,0x0000002dc3400000) (1024K)]
  0x0000019246999d30 JavaThread "Cache worker for file hash cache (C:\mods\femclothes-mod\.gradle\9.6.0\fileHashes)"        [_thread_blocked, id=10336, stack(0x0000002dc3400000,0x0000002dc3500000) (1024K)]
  0x000001924bbdceb0 JavaThread "Cache worker for Build Output Cleanup Cache (C:\mods\femclothes-mod\.gradle\buildOutputCleanup)"        [_thread_blocked, id=33576, stack(0x0000002dc3b00000,0x0000002dc3c00000) (1024K)]
  0x000001922b5979b0 JavaThread "Cache worker for checksums cache (C:\mods\femclothes-mod\.gradle\9.6.0\checksums)"        [_thread_blocked, id=22688, stack(0x0000002dc3c00000,0x0000002dc3d00000) (1024K)]
  0x000001924bbddbd0 JavaThread "Cache worker for cache directory md-supplier (C:\Users\feder\.gradle\caches\9.6.0\md-supplier)"        [_thread_blocked, id=42268, stack(0x0000002dc3f00000,0x0000002dc4000000) (1024K)]
  0x000001924bbdd540 JavaThread "Cache worker for cache directory md-rule (C:\Users\feder\.gradle\caches\9.6.0\md-rule)"        [_thread_blocked, id=13980, stack(0x0000002dc4000000,0x0000002dc4100000) (1024K)]
  0x0000019247f4b3f0 JavaThread "Build operations"                  [_thread_blocked, id=29852, stack(0x0000002dc4100000,0x0000002dc4200000) (1024K)]
  0x0000019247f4a6d0 JavaThread "Build operations Thread 2"         [_thread_blocked, id=44360, stack(0x0000002dc4200000,0x0000002dc4300000) (1024K)]
  0x0000019247f4ba80 JavaThread "Build operations Thread 3"         [_thread_blocked, id=37880, stack(0x0000002dc4600000,0x0000002dc4700000) (1024K)]
  0x0000019247f499b0 JavaThread "Build operations Thread 4"         [_thread_blocked, id=43160, stack(0x0000002dc4700000,0x0000002dc4800000) (1024K)]
  0x0000019247f4ad60 JavaThread "Build operations Thread 5"         [_thread_blocked, id=38372, stack(0x0000002dc4800000,0x0000002dc4900000) (1024K)]
  0x0000019247f4c110 JavaThread "Build operations Thread 6"         [_thread_blocked, id=22312, stack(0x0000002dc4900000,0x0000002dc4a00000) (1024K)]
  0x0000019247f48c90 JavaThread "Build operations Thread 7"         [_thread_blocked, id=19468, stack(0x0000002dc4a00000,0x0000002dc4b00000) (1024K)]
  0x000001925284ac90 JavaThread "Build operations Thread 8"         [_thread_blocked, id=15264, stack(0x0000002dc4b00000,0x0000002dc4c00000) (1024K)]
  0x0000019252849f70 JavaThread "Problems report writer"            [_thread_blocked, id=6364, stack(0x0000002dc2500000,0x0000002dc2600000) (1024K)]
  0x00000192466ffdc0 JavaThread "ForkJoinPool-1-worker-24"   daemon [_thread_blocked, id=336, stack(0x0000002dc4c00000,0x0000002dc4d00000) (1024K)]
  0x000001924b86ad80 JavaThread "ForkJoinPool-1-worker-25"   daemon [_thread_blocked, id=20104, stack(0x0000002dc4e00000,0x0000002dc4f00000) (1024K)]
  0x000001924b86a6f0 JavaThread "ForkJoinPool-1-worker-26"   daemon [_thread_blocked, id=28276, stack(0x0000002dc5100000,0x0000002dc5200000) (1024K)]
  0x000001924b86b410 JavaThread "ForkJoinPool-1-worker-27"   daemon [_thread_blocked, id=8800, stack(0x0000002dc5200000,0x0000002dc5300000) (1024K)]
  0x000001924c8cf750 JavaThread "ForkJoinPool-1-worker-28"   daemon [_thread_blocked, id=14912, stack(0x0000002dc5300000,0x0000002dc5400000) (1024K)]
  0x0000019246700ae0 JavaThread "ForkJoinPool-1-worker-29"   daemon [_thread_blocked, id=29668, stack(0x0000002dc5400000,0x0000002dc5500000) (1024K)]
  0x0000019247f49320 JavaThread "ForkJoinPool-1-worker-30"   daemon [_thread_blocked, id=43040, stack(0x0000002dc5500000,0x0000002dc5600000) (1024K)]
  0x000001924ada2300 JavaThread "ForkJoinPool-1-worker-31"   daemon [_thread_blocked, id=15432, stack(0x0000002dc5600000,0x0000002dc5700000) (1024K)]
  0x000001922b137c90 JavaThread "C2 CompilerThread1"         daemon [_thread_in_native, id=20244, stack(0x0000002dc1200000,0x0000002dc1300000) (1024K)]
  0x000001924b40fc40 JavaThread "included builds"                   [_thread_in_native, id=27352, stack(0x0000002dc5700000,0x0000002dc5800000) (1024K)]
  0x000001924b413750 JavaThread "Execution worker"                  [_thread_blocked, id=30820, stack(0x0000002dc5800000,0x0000002dc5900000) (1024K)]
  0x000001924b410ff0 JavaThread "Execution worker Thread 2"         [_thread_blocked, id=16204, stack(0x0000002dc5900000,0x0000002dc5a00000) (1024K)]
  0x000001924b415820 JavaThread "Execution worker Thread 3"         [_thread_blocked, id=20256, stack(0x0000002dc5a00000,0x0000002dc5b00000) (1024K)]
  0x000001924b416bd0 JavaThread "Execution worker Thread 4"         [_thread_blocked, id=40236, stack(0x0000002dc5b00000,0x0000002dc5c00000) (1024K)]
  0x000001924ada2990 JavaThread "Execution worker Thread 5"         [_thread_blocked, id=34200, stack(0x0000002dc5d00000,0x0000002dc5e00000) (1024K)]
  0x000001924ada1c70 JavaThread "Execution worker Thread 6"         [_thread_blocked, id=44568, stack(0x0000002dc5e00000,0x0000002dc5f00000) (1024K)]
  0x000001924b904c40 JavaThread "Execution worker Thread 7"         [_thread_blocked, id=19860, stack(0x0000002dc5f00000,0x0000002dc6000000) (1024K)]
  0x000001924b415190 JavaThread "Cache worker for execution history cache (C:\mods\femclothes-mod\.gradle\9.6.0\executionHistory)"        [_thread_blocked, id=40092, stack(0x0000002dc6000000,0x0000002dc6100000) (1024K)]
Total: 66

Other Threads:
  0x000001922b0f8510 VMThread "VM Thread"                           [id=42488, stack(0x0000002dc1a00000,0x0000002dc1b00000) (1024K)]
  0x000001922b0e95c0 WatcherThread "VM Periodic Task Thread"        [id=38384, stack(0x0000002dc1900000,0x0000002dc1a00000) (1024K)]
  0x000001921027c720 WorkerThread "GC Thread#0"                     [id=35648, stack(0x0000002dc1400000,0x0000002dc1500000) (1024K)]
  0x000001924531abe0 WorkerThread "GC Thread#1"                     [id=31156, stack(0x0000002dc2700000,0x0000002dc2800000) (1024K)]
  0x000001924531af90 WorkerThread "GC Thread#2"                     [id=18112, stack(0x0000002dc2800000,0x0000002dc2900000) (1024K)]
  0x000001924531b340 WorkerThread "GC Thread#3"                     [id=45312, stack(0x0000002dc2900000,0x0000002dc2a00000) (1024K)]
  0x0000019245733fd0 WorkerThread "GC Thread#4"                     [id=27780, stack(0x0000002dc2a00000,0x0000002dc2b00000) (1024K)]
  0x0000019245734380 WorkerThread "GC Thread#5"                     [id=45404, stack(0x0000002dc2b00000,0x0000002dc2c00000) (1024K)]
  0x000001924646a0d0 WorkerThread "GC Thread#6"                     [id=452, stack(0x0000002dc3800000,0x0000002dc3900000) (1024K)]
  0x000001924646a830 WorkerThread "GC Thread#7"                     [id=19912, stack(0x0000002dc3900000,0x0000002dc3a00000) (1024K)]
  0x00000192102816a0 ConcurrentGCThread "G1 Main Marker"            [id=13492, stack(0x0000002dc1500000,0x0000002dc1600000) (1024K)]
  0x0000019210282f40 WorkerThread "G1 Conc#0"                       [id=43240, stack(0x0000002dc1600000,0x0000002dc1700000) (1024K)]
  0x0000019246c9b0a0 WorkerThread "G1 Conc#1"                       [id=26012, stack(0x0000002dc3600000,0x0000002dc3700000) (1024K)]
  0x000001922afbb220 ConcurrentGCThread "G1 Refine#0"               [id=5356, stack(0x0000002dc1700000,0x0000002dc1800000) (1024K)]
  0x000001922afbca60 ConcurrentGCThread "G1 Service"                [id=43032, stack(0x0000002dc1800000,0x0000002dc1900000) (1024K)]
Total: 15

Threads with active compile tasks:
C2 CompilerThread0  2938576 35075   !   4       com.google.common.reflect.TypeVisitor::visit (225 bytes)
C2 CompilerThread1  2938576 35223       4       org.gradle.api.file.RelativePath::<init> (8 bytes)
Total: 2

VM state: not at safepoint (normal execution)

VM Mutex/Monitor currently owned by a thread: None

Heap address: 0x00000000e0000000, size: 512 MB, Compressed Oops mode: 32-bit

CDS archive(s) mapped at: [0x000001922c000000-0x000001922cc80000-0x000001922cc80000), size 13107200, SharedBaseAddress: 0x000001922c000000, ArchiveRelocationMode: 1.
Compressed class space mapped at: 0x000001922d000000-0x0000019241000000, reserved size: 335544320
Narrow klass base: 0x000001922c000000, Narrow klass shift: 0, Narrow klass range: 0x100000000

GC Precious Log:
 CardTable entry size: 512
 Card Set container configuration: InlinePtr #cards 5 size 8 Array Of Cards #cards 12 size 40 Howl #buckets 4 coarsen threshold 1843 Howl Bitmap #cards 512 size 80 coarsen threshold 460 Card regions per heap region 1 cards per card region 2048
 CPUs: 8 total, 8 available
 Memory: 24209M
 Large Page Support: Disabled
 NUMA Support: Disabled
 Compressed Oops: Enabled (32-bit)
 Heap Region Size: 1M
 Heap Min Capacity: 256M
 Heap Initial Capacity: 256M
 Heap Max Capacity: 512M
 Pre-touch: Disabled
 Parallel Workers: 8
 Concurrent Workers: 2
 Concurrent Refinement Workers: 8
 Periodic GC: Disabled

Heap:
 garbage-first heap   total 524288K, used 404021K [0x00000000e0000000, 0x0000000100000000)
  region size 1024K, 81 young (82944K), 2 survivors (2048K)
 Metaspace       used 113130K, committed 115648K, reserved 458752K
  class space    used 13833K, committed 15488K, reserved 327680K

Heap Regions: E=young(eden), S=young(survivor), O=old, HS=humongous(starts), HC=humongous(continues), CS=collection set, F=free, TAMS=top-at-mark-start, PB=parsable bottom
|   0|0x00000000e0000000, 0x00000000e0100000, 0x00000000e0100000|100%|HS|  |TAMS 0x00000000e0000000| PB 0x00000000e0000000| Complete 
|   1|0x00000000e0100000, 0x00000000e0200000, 0x00000000e0200000|100%|HC|  |TAMS 0x00000000e0100000| PB 0x00000000e0100000| Complete 
|   2|0x00000000e0200000, 0x00000000e0300000, 0x00000000e0300000|100%|HC|  |TAMS 0x00000000e0200000| PB 0x00000000e0200000| Complete 
|   3|0x00000000e0300000, 0x00000000e0400000, 0x00000000e0400000|100%|HC|  |TAMS 0x00000000e0300000| PB 0x00000000e0300000| Complete 
|   4|0x00000000e0400000, 0x00000000e0500000, 0x00000000e0500000|100%| O|  |TAMS 0x00000000e0400000| PB 0x00000000e0400000| Untracked 
|   5|0x00000000e0500000, 0x00000000e05fffd8, 0x00000000e0600000| 99%| O|  |TAMS 0x00000000e0500000| PB 0x00000000e0500000| Untracked 
|   6|0x00000000e0600000, 0x00000000e06f5258, 0x00000000e0700000| 95%| O|  |TAMS 0x00000000e0600000| PB 0x00000000e0600000| Untracked 
|   7|0x00000000e0700000, 0x00000000e07fa6f0, 0x00000000e0800000| 97%| O|  |TAMS 0x00000000e0700000| PB 0x00000000e0700000| Untracked 
|   8|0x00000000e0800000, 0x00000000e0900000, 0x00000000e0900000|100%|HS|  |TAMS 0x00000000e0800000| PB 0x00000000e0800000| Complete 
|   9|0x00000000e0900000, 0x00000000e0a00000, 0x00000000e0a00000|100%| O|  |TAMS 0x00000000e0900000| PB 0x00000000e0900000| Untracked 
|  10|0x00000000e0a00000, 0x00000000e0b00000, 0x00000000e0b00000|100%| O|  |TAMS 0x00000000e0a00000| PB 0x00000000e0a00000| Untracked 
|  11|0x00000000e0b00000, 0x00000000e0c00000, 0x00000000e0c00000|100%|HS|  |TAMS 0x00000000e0b00000| PB 0x00000000e0b00000| Complete 
|  12|0x00000000e0c00000, 0x00000000e0ceea98, 0x00000000e0d00000| 93%| O|  |TAMS 0x00000000e0c00000| PB 0x00000000e0c00000| Untracked 
|  13|0x00000000e0d00000, 0x00000000e0dfffe8, 0x00000000e0e00000| 99%| O|  |TAMS 0x00000000e0d00000| PB 0x00000000e0d00000| Untracked 
|  14|0x00000000e0e00000, 0x00000000e0effff8, 0x00000000e0f00000| 99%| O|  |TAMS 0x00000000e0e00000| PB 0x00000000e0e00000| Untracked 
|  15|0x00000000e0f00000, 0x00000000e0ffffb0, 0x00000000e1000000| 99%| O|  |TAMS 0x00000000e0f00000| PB 0x00000000e0f00000| Untracked 
|  16|0x00000000e1000000, 0x00000000e1100000, 0x00000000e1100000|100%| O|  |TAMS 0x00000000e1000000| PB 0x00000000e1000000| Untracked 
|  17|0x00000000e1100000, 0x00000000e1200000, 0x00000000e1200000|100%| O|  |TAMS 0x00000000e1100000| PB 0x00000000e1100000| Untracked 
|  18|0x00000000e1200000, 0x00000000e1300000, 0x00000000e1300000|100%| O|  |TAMS 0x00000000e1200000| PB 0x00000000e1200000| Untracked 
|  19|0x00000000e1300000, 0x00000000e13fffd8, 0x00000000e1400000| 99%| O|  |TAMS 0x00000000e1300000| PB 0x00000000e1300000| Untracked 
|  20|0x00000000e1400000, 0x00000000e14fffc0, 0x00000000e1500000| 99%| O|  |TAMS 0x00000000e1400000| PB 0x00000000e1400000| Untracked 
|  21|0x00000000e1500000, 0x00000000e15ffff8, 0x00000000e1600000| 99%| O|  |TAMS 0x00000000e1500000| PB 0x00000000e1500000| Untracked 
|  22|0x00000000e1600000, 0x00000000e16fffe0, 0x00000000e1700000| 99%| O|  |TAMS 0x00000000e1600000| PB 0x00000000e1600000| Untracked 
|  23|0x00000000e1700000, 0x00000000e17fffe8, 0x00000000e1800000| 99%| O|  |TAMS 0x00000000e1700000| PB 0x00000000e1700000| Untracked 
|  24|0x00000000e1800000, 0x00000000e18ffff8, 0x00000000e1900000| 99%| O|  |TAMS 0x00000000e1800000| PB 0x00000000e1800000| Untracked 
|  25|0x00000000e1900000, 0x00000000e1a00000, 0x00000000e1a00000|100%| O|  |TAMS 0x00000000e1900000| PB 0x00000000e1900000| Untracked 
|  26|0x00000000e1a00000, 0x00000000e1affff8, 0x00000000e1b00000| 99%| O|  |TAMS 0x00000000e1a00000| PB 0x00000000e1a00000| Untracked 
|  27|0x00000000e1b00000, 0x00000000e1c00000, 0x00000000e1c00000|100%| O|  |TAMS 0x00000000e1b00000| PB 0x00000000e1b00000| Untracked 
|  28|0x00000000e1c00000, 0x00000000e1cffff0, 0x00000000e1d00000| 99%| O|  |TAMS 0x00000000e1c00000| PB 0x00000000e1c00000| Untracked 
|  29|0x00000000e1d00000, 0x00000000e1dffff0, 0x00000000e1e00000| 99%| O|  |TAMS 0x00000000e1d00000| PB 0x00000000e1d00000| Untracked 
|  30|0x00000000e1e00000, 0x00000000e1effff0, 0x00000000e1f00000| 99%| O|  |TAMS 0x00000000e1e00000| PB 0x00000000e1e00000| Untracked 
|  31|0x00000000e1f00000, 0x00000000e2000000, 0x00000000e2000000|100%| O|  |TAMS 0x00000000e1f00000| PB 0x00000000e1f00000| Untracked 
|  32|0x00000000e2000000, 0x00000000e20fffd0, 0x00000000e2100000| 99%| O|  |TAMS 0x00000000e2000000| PB 0x00000000e2000000| Untracked 
|  33|0x00000000e2100000, 0x00000000e21fffd8, 0x00000000e2200000| 99%| O|  |TAMS 0x00000000e2100000| PB 0x00000000e2100000| Untracked 
|  34|0x00000000e2200000, 0x00000000e22ffff0, 0x00000000e2300000| 99%| O|  |TAMS 0x00000000e2200000| PB 0x00000000e2200000| Untracked 
|  35|0x00000000e2300000, 0x00000000e23f9aa8, 0x00000000e2400000| 97%| O|  |TAMS 0x00000000e2300000| PB 0x00000000e2300000| Untracked 
|  36|0x00000000e2400000, 0x00000000e24ffff0, 0x00000000e2500000| 99%| O|  |TAMS 0x00000000e2400000| PB 0x00000000e2400000| Untracked 
|  37|0x00000000e2500000, 0x00000000e25fffe8, 0x00000000e2600000| 99%| O|  |TAMS 0x00000000e2500000| PB 0x00000000e2500000| Untracked 
|  38|0x00000000e2600000, 0x00000000e26ffff0, 0x00000000e2700000| 99%| O|  |TAMS 0x00000000e2600000| PB 0x00000000e2600000| Untracked 
|  39|0x00000000e2700000, 0x00000000e2800000, 0x00000000e2800000|100%| O|  |TAMS 0x00000000e2700000| PB 0x00000000e2700000| Untracked 
|  40|0x00000000e2800000, 0x00000000e2900000, 0x00000000e2900000|100%| O|  |TAMS 0x00000000e2800000| PB 0x00000000e2800000| Untracked 
|  41|0x00000000e2900000, 0x00000000e29fffe0, 0x00000000e2a00000| 99%| O|  |TAMS 0x00000000e2900000| PB 0x00000000e2900000| Untracked 
|  42|0x00000000e2a00000, 0x00000000e2affff0, 0x00000000e2b00000| 99%| O|  |TAMS 0x00000000e2a00000| PB 0x00000000e2a00000| Untracked 
|  43|0x00000000e2b00000, 0x00000000e2bffff0, 0x00000000e2c00000| 99%| O|  |TAMS 0x00000000e2b00000| PB 0x00000000e2b00000| Untracked 
|  44|0x00000000e2c00000, 0x00000000e2d00000, 0x00000000e2d00000|100%| O|  |TAMS 0x00000000e2c00000| PB 0x00000000e2c00000| Untracked 
|  45|0x00000000e2d00000, 0x00000000e2e00000, 0x00000000e2e00000|100%| O|  |TAMS 0x00000000e2d00000| PB 0x00000000e2d00000| Untracked 
|  46|0x00000000e2e00000, 0x00000000e2effff8, 0x00000000e2f00000| 99%| O|  |TAMS 0x00000000e2e00000| PB 0x00000000e2e00000| Untracked 
|  47|0x00000000e2f00000, 0x00000000e2fffff0, 0x00000000e3000000| 99%| O|  |TAMS 0x00000000e2f00000| PB 0x00000000e2f00000| Untracked 
|  48|0x00000000e3000000, 0x00000000e30fffe8, 0x00000000e3100000| 99%| O|  |TAMS 0x00000000e3000000| PB 0x00000000e3000000| Untracked 
|  49|0x00000000e3100000, 0x00000000e31ffff0, 0x00000000e3200000| 99%| O|Cm|TAMS 0x00000000e3100000| PB 0x00000000e3100000| Complete 
|  50|0x00000000e3200000, 0x00000000e32fffe0, 0x00000000e3300000| 99%| O|  |TAMS 0x00000000e3200000| PB 0x00000000e3200000| Untracked 
|  51|0x00000000e3300000, 0x00000000e33ffc58, 0x00000000e3400000| 99%| O|  |TAMS 0x00000000e3300000| PB 0x00000000e3300000| Untracked 
|  52|0x00000000e3400000, 0x00000000e3500000, 0x00000000e3500000|100%| O|  |TAMS 0x00000000e3400000| PB 0x00000000e3400000| Untracked 
|  53|0x00000000e3500000, 0x00000000e35fffe8, 0x00000000e3600000| 99%| O|  |TAMS 0x00000000e3500000| PB 0x00000000e3500000| Untracked 
|  54|0x00000000e3600000, 0x00000000e36ffde0, 0x00000000e3700000| 99%| O|  |TAMS 0x00000000e3600000| PB 0x00000000e3600000| Untracked 
|  55|0x00000000e3700000, 0x00000000e3800000, 0x00000000e3800000|100%| O|  |TAMS 0x00000000e3700000| PB 0x00000000e3700000| Untracked 
|  56|0x00000000e3800000, 0x00000000e3900000, 0x00000000e3900000|100%| O|  |TAMS 0x00000000e3800000| PB 0x00000000e3800000| Untracked 
|  57|0x00000000e3900000, 0x00000000e39ffff8, 0x00000000e3a00000| 99%| O|Cm|TAMS 0x00000000e3900000| PB 0x00000000e3900000| Complete 
|  58|0x00000000e3a00000, 0x00000000e3b00000, 0x00000000e3b00000|100%| O|  |TAMS 0x00000000e3a00000| PB 0x00000000e3a00000| Untracked 
|  59|0x00000000e3b00000, 0x00000000e3bffff0, 0x00000000e3c00000| 99%| O|  |TAMS 0x00000000e3b00000| PB 0x00000000e3b00000| Untracked 
|  60|0x00000000e3c00000, 0x00000000e3cfffd8, 0x00000000e3d00000| 99%| O|  |TAMS 0x00000000e3c00000| PB 0x00000000e3c00000| Untracked 
|  61|0x00000000e3d00000, 0x00000000e3dfffe8, 0x00000000e3e00000| 99%| O|  |TAMS 0x00000000e3d00000| PB 0x00000000e3d00000| Untracked 
|  62|0x00000000e3e00000, 0x00000000e3f00000, 0x00000000e3f00000|100%| O|Cm|TAMS 0x00000000e3e00000| PB 0x00000000e3e00000| Complete 
|  63|0x00000000e3f00000, 0x00000000e3fffff0, 0x00000000e4000000| 99%| O|  |TAMS 0x00000000e3f00000| PB 0x00000000e3f00000| Untracked 
|  64|0x00000000e4000000, 0x00000000e40fef28, 0x00000000e4100000| 99%| O|  |TAMS 0x00000000e4000000| PB 0x00000000e4000000| Untracked 
|  65|0x00000000e4100000, 0x00000000e41ffff8, 0x00000000e4200000| 99%| O|  |TAMS 0x00000000e4100000| PB 0x00000000e4100000| Untracked 
|  66|0x00000000e4200000, 0x00000000e42ffff8, 0x00000000e4300000| 99%| O|Cm|TAMS 0x00000000e4200000| PB 0x00000000e4200000| Complete 
|  67|0x00000000e4300000, 0x00000000e43ffff0, 0x00000000e4400000| 99%| O|Cm|TAMS 0x00000000e4300000| PB 0x00000000e4300000| Complete 
|  68|0x00000000e4400000, 0x00000000e44ffff8, 0x00000000e4500000| 99%| O|Cm|TAMS 0x00000000e4400000| PB 0x00000000e4400000| Complete 
|  69|0x00000000e4500000, 0x00000000e4600000, 0x00000000e4600000|100%| O|Cm|TAMS 0x00000000e4500000| PB 0x00000000e4500000| Complete 
|  70|0x00000000e4600000, 0x00000000e46ffff8, 0x00000000e4700000| 99%| O|Cm|TAMS 0x00000000e4600000| PB 0x00000000e4600000| Complete 
|  71|0x00000000e4700000, 0x00000000e47fffe8, 0x00000000e4800000| 99%| O|Cm|TAMS 0x00000000e4700000| PB 0x00000000e4700000| Complete 
|  72|0x00000000e4800000, 0x00000000e4900000, 0x00000000e4900000|100%| O|Cm|TAMS 0x00000000e4800000| PB 0x00000000e4800000| Complete 
|  73|0x00000000e4900000, 0x00000000e4a00000, 0x00000000e4a00000|100%| O|Cm|TAMS 0x00000000e4900000| PB 0x00000000e4900000| Complete 
|  74|0x00000000e4a00000, 0x00000000e4b00000, 0x00000000e4b00000|100%| O|  |TAMS 0x00000000e4a00000| PB 0x00000000e4a00000| Untracked 
|  75|0x00000000e4b00000, 0x00000000e4bfffd8, 0x00000000e4c00000| 99%| O|Cm|TAMS 0x00000000e4b00000| PB 0x00000000e4b00000| Complete 
|  76|0x00000000e4c00000, 0x00000000e4d00000, 0x00000000e4d00000|100%| O|Cm|TAMS 0x00000000e4c00000| PB 0x00000000e4c00000| Complete 
|  77|0x00000000e4d00000, 0x00000000e4dffff8, 0x00000000e4e00000| 99%| O|  |TAMS 0x00000000e4d00000| PB 0x00000000e4d00000| Untracked 
|  78|0x00000000e4e00000, 0x00000000e4f00000, 0x00000000e4f00000|100%| O|Cm|TAMS 0x00000000e4e00000| PB 0x00000000e4e00000| Complete 
|  79|0x00000000e4f00000, 0x00000000e5000000, 0x00000000e5000000|100%| O|  |TAMS 0x00000000e4f00000| PB 0x00000000e4f00000| Untracked 
|  80|0x00000000e5000000, 0x00000000e5100000, 0x00000000e5100000|100%| O|  |TAMS 0x00000000e5000000| PB 0x00000000e5000000| Untracked 
|  81|0x00000000e5100000, 0x00000000e5200000, 0x00000000e5200000|100%| O|  |TAMS 0x00000000e5100000| PB 0x00000000e5100000| Untracked 
|  82|0x00000000e5200000, 0x00000000e5300000, 0x00000000e5300000|100%| O|Cm|TAMS 0x00000000e5200000| PB 0x00000000e5200000| Complete 
|  83|0x00000000e5300000, 0x00000000e53fffd8, 0x00000000e5400000| 99%| O|  |TAMS 0x00000000e5300000| PB 0x00000000e5300000| Untracked 
|  84|0x00000000e5400000, 0x00000000e54fffd8, 0x00000000e5500000| 99%| O|Cm|TAMS 0x00000000e5400000| PB 0x00000000e5400000| Complete 
|  85|0x00000000e5500000, 0x00000000e55fffe8, 0x00000000e5600000| 99%| O|Cm|TAMS 0x00000000e5500000| PB 0x00000000e5500000| Complete 
|  86|0x00000000e5600000, 0x00000000e5700000, 0x00000000e5700000|100%| O|Cm|TAMS 0x00000000e5600000| PB 0x00000000e5600000| Complete 
|  87|0x00000000e5700000, 0x00000000e57ffff8, 0x00000000e5800000| 99%| O|Cm|TAMS 0x00000000e5700000| PB 0x00000000e5700000| Complete 
|  88|0x00000000e5800000, 0x00000000e5900000, 0x00000000e5900000|100%| O|  |TAMS 0x00000000e5800000| PB 0x00000000e5800000| Untracked 
|  89|0x00000000e5900000, 0x00000000e5a00000, 0x00000000e5a00000|100%| O|  |TAMS 0x00000000e5900000| PB 0x00000000e5900000| Untracked 
|  90|0x00000000e5a00000, 0x00000000e5affff0, 0x00000000e5b00000| 99%| O|  |TAMS 0x00000000e5a00000| PB 0x00000000e5a00000| Untracked 
|  91|0x00000000e5b00000, 0x00000000e5c00000, 0x00000000e5c00000|100%| O|  |TAMS 0x00000000e5b00000| PB 0x00000000e5b00000| Untracked 
|  92|0x00000000e5c00000, 0x00000000e5d00000, 0x00000000e5d00000|100%| O|Cm|TAMS 0x00000000e5c00000| PB 0x00000000e5c00000| Complete 
|  93|0x00000000e5d00000, 0x00000000e5e00000, 0x00000000e5e00000|100%| O|  |TAMS 0x00000000e5d00000| PB 0x00000000e5d00000| Untracked 
|  94|0x00000000e5e00000, 0x00000000e5f00000, 0x00000000e5f00000|100%| O|  |TAMS 0x00000000e5e00000| PB 0x00000000e5e00000| Untracked 
|  95|0x00000000e5f00000, 0x00000000e6000000, 0x00000000e6000000|100%| O|Cm|TAMS 0x00000000e5f00000| PB 0x00000000e5f00000| Complete 
|  96|0x00000000e6000000, 0x00000000e6100000, 0x00000000e6100000|100%| O|Cm|TAMS 0x00000000e6000000| PB 0x00000000e6000000| Complete 
|  97|0x00000000e6100000, 0x00000000e6200000, 0x00000000e6200000|100%| O|  |TAMS 0x00000000e6100000| PB 0x00000000e6100000| Untracked 
|  98|0x00000000e6200000, 0x00000000e6300000, 0x00000000e6300000|100%|HS|  |TAMS 0x00000000e6200000| PB 0x00000000e6200000| Complete 
|  99|0x00000000e6300000, 0x00000000e6400000, 0x00000000e6400000|100%| O|  |TAMS 0x00000000e6300000| PB 0x00000000e6300000| Untracked 
| 100|0x00000000e6400000, 0x00000000e64ffff0, 0x00000000e6500000| 99%| O|  |TAMS 0x00000000e6400000| PB 0x00000000e6400000| Untracked 
| 101|0x00000000e6500000, 0x00000000e6600000, 0x00000000e6600000|100%| O|Cm|TAMS 0x00000000e6500000| PB 0x00000000e6500000| Complete 
| 102|0x00000000e6600000, 0x00000000e6700000, 0x00000000e6700000|100%| O|Cm|TAMS 0x00000000e6600000| PB 0x00000000e6600000| Complete 
| 103|0x00000000e6700000, 0x00000000e67ffff0, 0x00000000e6800000| 99%| O|  |TAMS 0x00000000e6700000| PB 0x00000000e6700000| Untracked 
| 104|0x00000000e6800000, 0x00000000e68fffb0, 0x00000000e6900000| 99%| O|  |TAMS 0x00000000e6800000| PB 0x00000000e6800000| Untracked 
| 105|0x00000000e6900000, 0x00000000e69ffff8, 0x00000000e6a00000| 99%| O|  |TAMS 0x00000000e6900000| PB 0x00000000e6900000| Untracked 
| 106|0x00000000e6a00000, 0x00000000e6b00000, 0x00000000e6b00000|100%|HS|  |TAMS 0x00000000e6a00000| PB 0x00000000e6a00000| Complete 
| 107|0x00000000e6b00000, 0x00000000e6c00000, 0x00000000e6c00000|100%|HS|  |TAMS 0x00000000e6b00000| PB 0x00000000e6b00000| Complete 
| 108|0x00000000e6c00000, 0x00000000e6cf5b68, 0x00000000e6d00000| 95%| O|  |TAMS 0x00000000e6c00000| PB 0x00000000e6c00000| Untracked 
| 109|0x00000000e6d00000, 0x00000000e6e00000, 0x00000000e6e00000|100%| O|  |TAMS 0x00000000e6d00000| PB 0x00000000e6d00000| Untracked 
| 110|0x00000000e6e00000, 0x00000000e6efffd0, 0x00000000e6f00000| 99%| O|Cm|TAMS 0x00000000e6e00000| PB 0x00000000e6e00000| Complete 
| 111|0x00000000e6f00000, 0x00000000e7000000, 0x00000000e7000000|100%| O|  |TAMS 0x00000000e6f00000| PB 0x00000000e6f00000| Untracked 
| 112|0x00000000e7000000, 0x00000000e7100000, 0x00000000e7100000|100%| O|  |TAMS 0x00000000e7000000| PB 0x00000000e7000000| Untracked 
| 113|0x00000000e7100000, 0x00000000e7200000, 0x00000000e7200000|100%| O|  |TAMS 0x00000000e7100000| PB 0x00000000e7100000| Untracked 
| 114|0x00000000e7200000, 0x00000000e7300000, 0x00000000e7300000|100%| O|Cm|TAMS 0x00000000e7200000| PB 0x00000000e7200000| Complete 
| 115|0x00000000e7300000, 0x00000000e7400000, 0x00000000e7400000|100%| O|  |TAMS 0x00000000e7300000| PB 0x00000000e7300000| Untracked 
| 116|0x00000000e7400000, 0x00000000e7500000, 0x00000000e7500000|100%| O|  |TAMS 0x00000000e7400000| PB 0x00000000e7400000| Untracked 
| 117|0x00000000e7500000, 0x00000000e756d478, 0x00000000e7600000| 42%| O|  |TAMS 0x00000000e7500000| PB 0x00000000e7500000| Untracked 
| 118|0x00000000e7600000, 0x00000000e7700000, 0x00000000e7700000|100%| O|  |TAMS 0x00000000e7600000| PB 0x00000000e7600000| Untracked 
| 119|0x00000000e7700000, 0x00000000e77e98a0, 0x00000000e7800000| 91%| O|  |TAMS 0x00000000e7700000| PB 0x00000000e7700000| Untracked 
| 120|0x00000000e7800000, 0x00000000e78fffe8, 0x00000000e7900000| 99%| O|Cm|TAMS 0x00000000e7800000| PB 0x00000000e7800000| Complete 
| 121|0x00000000e7900000, 0x00000000e7900000, 0x00000000e7a00000|  0%| F|  |TAMS 0x00000000e7900000| PB 0x00000000e7900000| Untracked 
| 122|0x00000000e7a00000, 0x00000000e7a00000, 0x00000000e7b00000|  0%| F|  |TAMS 0x00000000e7a00000| PB 0x00000000e7a00000| Untracked 
| 123|0x00000000e7b00000, 0x00000000e7b00000, 0x00000000e7c00000|  0%| F|  |TAMS 0x00000000e7b00000| PB 0x00000000e7b00000| Untracked 
| 124|0x00000000e7c00000, 0x00000000e7d00000, 0x00000000e7d00000|100%| O|Cm|TAMS 0x00000000e7c00000| PB 0x00000000e7c00000| Complete 
| 125|0x00000000e7d00000, 0x00000000e7d00000, 0x00000000e7e00000|  0%| F|  |TAMS 0x00000000e7d00000| PB 0x00000000e7d00000| Untracked 
| 126|0x00000000e7e00000, 0x00000000e7e00000, 0x00000000e7f00000|  0%| F|  |TAMS 0x00000000e7e00000| PB 0x00000000e7e00000| Untracked 
| 127|0x00000000e7f00000, 0x00000000e7f00000, 0x00000000e8000000|  0%| F|  |TAMS 0x00000000e7f00000| PB 0x00000000e7f00000| Untracked 
| 128|0x00000000e8000000, 0x00000000e8000000, 0x00000000e8100000|  0%| F|  |TAMS 0x00000000e8000000| PB 0x00000000e8000000| Untracked 
| 129|0x00000000e8100000, 0x00000000e8100000, 0x00000000e8200000|  0%| F|  |TAMS 0x00000000e8100000| PB 0x00000000e8100000| Untracked 
| 130|0x00000000e8200000, 0x00000000e8200000, 0x00000000e8300000|  0%| F|  |TAMS 0x00000000e8200000| PB 0x00000000e8200000| Untracked 
| 131|0x00000000e8300000, 0x00000000e8300000, 0x00000000e8400000|  0%| F|  |TAMS 0x00000000e8300000| PB 0x00000000e8300000| Untracked 
| 132|0x00000000e8400000, 0x00000000e8400000, 0x00000000e8500000|  0%| F|  |TAMS 0x00000000e8400000| PB 0x00000000e8400000| Untracked 
| 133|0x00000000e8500000, 0x00000000e8500000, 0x00000000e8600000|  0%| F|  |TAMS 0x00000000e8500000| PB 0x00000000e8500000| Untracked 
| 134|0x00000000e8600000, 0x00000000e8600000, 0x00000000e8700000|  0%| F|  |TAMS 0x00000000e8600000| PB 0x00000000e8600000| Untracked 
| 135|0x00000000e8700000, 0x00000000e8700000, 0x00000000e8800000|  0%| F|  |TAMS 0x00000000e8700000| PB 0x00000000e8700000| Untracked 
| 136|0x00000000e8800000, 0x00000000e8800000, 0x00000000e8900000|  0%| F|  |TAMS 0x00000000e8800000| PB 0x00000000e8800000| Untracked 
| 137|0x00000000e8900000, 0x00000000e8900000, 0x00000000e8a00000|  0%| F|  |TAMS 0x00000000e8900000| PB 0x00000000e8900000| Untracked 
| 138|0x00000000e8a00000, 0x00000000e8a00000, 0x00000000e8b00000|  0%| F|  |TAMS 0x00000000e8a00000| PB 0x00000000e8a00000| Untracked 
| 139|0x00000000e8b00000, 0x00000000e8b00000, 0x00000000e8c00000|  0%| F|  |TAMS 0x00000000e8b00000| PB 0x00000000e8b00000| Untracked 
| 140|0x00000000e8c00000, 0x00000000e8d00000, 0x00000000e8d00000|100%| O|Cm|TAMS 0x00000000e8c00000| PB 0x00000000e8c00000| Complete 
| 141|0x00000000e8d00000, 0x00000000e8e00000, 0x00000000e8e00000|100%| O|Cm|TAMS 0x00000000e8d00000| PB 0x00000000e8d00000| Complete 
| 142|0x00000000e8e00000, 0x00000000e8e00000, 0x00000000e8f00000|  0%| F|  |TAMS 0x00000000e8e00000| PB 0x00000000e8e00000| Untracked 
| 143|0x00000000e8f00000, 0x00000000e9000000, 0x00000000e9000000|100%| O|Cm|TAMS 0x00000000e8f00000| PB 0x00000000e8f00000| Complete 
| 144|0x00000000e9000000, 0x00000000e9100000, 0x00000000e9100000|100%| O|  |TAMS 0x00000000e9000000| PB 0x00000000e9000000| Untracked 
| 145|0x00000000e9100000, 0x00000000e91ffff0, 0x00000000e9200000| 99%| O|  |TAMS 0x00000000e9100000| PB 0x00000000e9100000| Untracked 
| 146|0x00000000e9200000, 0x00000000e9200000, 0x00000000e9300000|  0%| F|  |TAMS 0x00000000e9200000| PB 0x00000000e9200000| Untracked 
| 147|0x00000000e9300000, 0x00000000e9400000, 0x00000000e9400000|100%| O|Cm|TAMS 0x00000000e9300000| PB 0x00000000e9300000| Complete 
| 148|0x00000000e9400000, 0x00000000e9500000, 0x00000000e9500000|100%| O|Cm|TAMS 0x00000000e9400000| PB 0x00000000e9400000| Complete 
| 149|0x00000000e9500000, 0x00000000e9600000, 0x00000000e9600000|100%| O|  |TAMS 0x00000000e9500000| PB 0x00000000e9500000| Untracked 
| 150|0x00000000e9600000, 0x00000000e9700000, 0x00000000e9700000|100%| O|Cm|TAMS 0x00000000e9600000| PB 0x00000000e9600000| Complete 
| 151|0x00000000e9700000, 0x00000000e97fffe8, 0x00000000e9800000| 99%| O|  |TAMS 0x00000000e9700000| PB 0x00000000e9700000| Untracked 
| 152|0x00000000e9800000, 0x00000000e9800000, 0x00000000e9900000|  0%| F|  |TAMS 0x00000000e9800000| PB 0x00000000e9800000| Untracked 
| 153|0x00000000e9900000, 0x00000000e99fffd8, 0x00000000e9a00000| 99%| O|  |TAMS 0x00000000e9900000| PB 0x00000000e9900000| Untracked 
| 154|0x00000000e9a00000, 0x00000000e9a00000, 0x00000000e9b00000|  0%| F|  |TAMS 0x00000000e9a00000| PB 0x00000000e9a00000| Untracked 
| 155|0x00000000e9b00000, 0x00000000e9c00000, 0x00000000e9c00000|100%| O|  |TAMS 0x00000000e9b00000| PB 0x00000000e9b00000| Untracked 
| 156|0x00000000e9c00000, 0x00000000e9d00000, 0x00000000e9d00000|100%| O|  |TAMS 0x00000000e9c00000| PB 0x00000000e9c00000| Untracked 
| 157|0x00000000e9d00000, 0x00000000e9e00000, 0x00000000e9e00000|100%| O|  |TAMS 0x00000000e9d00000| PB 0x00000000e9d00000| Untracked 
| 158|0x00000000e9e00000, 0x00000000e9f00000, 0x00000000e9f00000|100%| O|  |TAMS 0x00000000e9e00000| PB 0x00000000e9e00000| Untracked 
| 159|0x00000000e9f00000, 0x00000000ea000000, 0x00000000ea000000|100%|HS|  |TAMS 0x00000000e9f00000| PB 0x00000000e9f00000| Complete 
| 160|0x00000000ea000000, 0x00000000ea100000, 0x00000000ea100000|100%|HC|  |TAMS 0x00000000ea000000| PB 0x00000000ea000000| Complete 
| 161|0x00000000ea100000, 0x00000000ea1ffff8, 0x00000000ea200000| 99%| O|  |TAMS 0x00000000ea100000| PB 0x00000000ea100000| Untracked 
| 162|0x00000000ea200000, 0x00000000ea300000, 0x00000000ea300000|100%| O|  |TAMS 0x00000000ea200000| PB 0x00000000ea200000| Untracked 
| 163|0x00000000ea300000, 0x00000000ea300000, 0x00000000ea400000|  0%| F|  |TAMS 0x00000000ea300000| PB 0x00000000ea300000| Untracked 
| 164|0x00000000ea400000, 0x00000000ea500000, 0x00000000ea500000|100%| O|Cm|TAMS 0x00000000ea400000| PB 0x00000000ea400000| Complete 
| 165|0x00000000ea500000, 0x00000000ea600000, 0x00000000ea600000|100%| O|Cm|TAMS 0x00000000ea500000| PB 0x00000000ea500000| Complete 
| 166|0x00000000ea600000, 0x00000000ea6fffe8, 0x00000000ea700000| 99%| O|  |TAMS 0x00000000ea600000| PB 0x00000000ea600000| Untracked 
| 167|0x00000000ea700000, 0x00000000ea800000, 0x00000000ea800000|100%| O|  |TAMS 0x00000000ea700000| PB 0x00000000ea700000| Untracked 
| 168|0x00000000ea800000, 0x00000000ea900000, 0x00000000ea900000|100%| O|  |TAMS 0x00000000ea800000| PB 0x00000000ea800000| Untracked 
| 169|0x00000000ea900000, 0x00000000eaa00000, 0x00000000eaa00000|100%| O|  |TAMS 0x00000000ea900000| PB 0x00000000ea900000| Untracked 
| 170|0x00000000eaa00000, 0x00000000eab00000, 0x00000000eab00000|100%| O|  |TAMS 0x00000000eaa00000| PB 0x00000000eaa00000| Untracked 
| 171|0x00000000eab00000, 0x00000000eac00000, 0x00000000eac00000|100%| O|  |TAMS 0x00000000eab00000| PB 0x00000000eab00000| Untracked 
| 172|0x00000000eac00000, 0x00000000eac00000, 0x00000000ead00000|  0%| F|  |TAMS 0x00000000eac00000| PB 0x00000000eac00000| Untracked 
| 173|0x00000000ead00000, 0x00000000eae00000, 0x00000000eae00000|100%| O|Cm|TAMS 0x00000000ead00000| PB 0x00000000ead00000| Complete 
| 174|0x00000000eae00000, 0x00000000eaf00000, 0x00000000eaf00000|100%| O|  |TAMS 0x00000000eae00000| PB 0x00000000eae00000| Untracked 
| 175|0x00000000eaf00000, 0x00000000eb000000, 0x00000000eb000000|100%| O|Cm|TAMS 0x00000000eaf00000| PB 0x00000000eaf00000| Complete 
| 176|0x00000000eb000000, 0x00000000eb0ffff8, 0x00000000eb100000| 99%| O|  |TAMS 0x00000000eb000000| PB 0x00000000eb000000| Untracked 
| 177|0x00000000eb100000, 0x00000000eb100000, 0x00000000eb200000|  0%| F|  |TAMS 0x00000000eb100000| PB 0x00000000eb100000| Untracked 
| 178|0x00000000eb200000, 0x00000000eb300000, 0x00000000eb300000|100%| O|Cm|TAMS 0x00000000eb200000| PB 0x00000000eb200000| Complete 
| 179|0x00000000eb300000, 0x00000000eb300000, 0x00000000eb400000|  0%| F|  |TAMS 0x00000000eb300000| PB 0x00000000eb300000| Untracked 
| 180|0x00000000eb400000, 0x00000000eb500000, 0x00000000eb500000|100%| O|  |TAMS 0x00000000eb400000| PB 0x00000000eb400000| Untracked 
| 181|0x00000000eb500000, 0x00000000eb500000, 0x00000000eb600000|  0%| F|  |TAMS 0x00000000eb500000| PB 0x00000000eb500000| Untracked 
| 182|0x00000000eb600000, 0x00000000eb6fffe8, 0x00000000eb700000| 99%| O|  |TAMS 0x00000000eb600000| PB 0x00000000eb600000| Untracked 
| 183|0x00000000eb700000, 0x00000000eb800000, 0x00000000eb800000|100%| O|Cm|TAMS 0x00000000eb700000| PB 0x00000000eb700000| Complete 
| 184|0x00000000eb800000, 0x00000000eb800000, 0x00000000eb900000|  0%| F|  |TAMS 0x00000000eb800000| PB 0x00000000eb800000| Untracked 
| 185|0x00000000eb900000, 0x00000000eba00000, 0x00000000eba00000|100%| O|  |TAMS 0x00000000eb900000| PB 0x00000000eb900000| Untracked 
| 186|0x00000000eba00000, 0x00000000eba00000, 0x00000000ebb00000|  0%| F|  |TAMS 0x00000000eba00000| PB 0x00000000eba00000| Untracked 
| 187|0x00000000ebb00000, 0x00000000ebb00000, 0x00000000ebc00000|  0%| F|  |TAMS 0x00000000ebb00000| PB 0x00000000ebb00000| Untracked 
| 188|0x00000000ebc00000, 0x00000000ebd00000, 0x00000000ebd00000|100%| O|Cm|TAMS 0x00000000ebc00000| PB 0x00000000ebc00000| Complete 
| 189|0x00000000ebd00000, 0x00000000ebe00000, 0x00000000ebe00000|100%| O|Cm|TAMS 0x00000000ebd00000| PB 0x00000000ebd00000| Complete 
| 190|0x00000000ebe00000, 0x00000000ebf00000, 0x00000000ebf00000|100%| O|Cm|TAMS 0x00000000ebe00000| PB 0x00000000ebe00000| Complete 
| 191|0x00000000ebf00000, 0x00000000ebf00000, 0x00000000ec000000|  0%| F|  |TAMS 0x00000000ebf00000| PB 0x00000000ebf00000| Untracked 
| 192|0x00000000ec000000, 0x00000000ec000000, 0x00000000ec100000|  0%| F|  |TAMS 0x00000000ec000000| PB 0x00000000ec000000| Untracked 
| 193|0x00000000ec100000, 0x00000000ec1a0eb8, 0x00000000ec200000| 62%| O|  |TAMS 0x00000000ec100000| PB 0x00000000ec100000| Untracked 
| 194|0x00000000ec200000, 0x00000000ec200000, 0x00000000ec300000|  0%| F|  |TAMS 0x00000000ec200000| PB 0x00000000ec200000| Untracked 
| 195|0x00000000ec300000, 0x00000000ec300000, 0x00000000ec400000|  0%| F|  |TAMS 0x00000000ec300000| PB 0x00000000ec300000| Untracked 
| 196|0x00000000ec400000, 0x00000000ec500000, 0x00000000ec500000|100%| O|Cm|TAMS 0x00000000ec400000| PB 0x00000000ec400000| Complete 
| 197|0x00000000ec500000, 0x00000000ec600000, 0x00000000ec600000|100%| O|Cm|TAMS 0x00000000ec500000| PB 0x00000000ec500000| Complete 
| 198|0x00000000ec600000, 0x00000000ec700000, 0x00000000ec700000|100%| O|Cm|TAMS 0x00000000ec600000| PB 0x00000000ec600000| Complete 
| 199|0x00000000ec700000, 0x00000000ec700000, 0x00000000ec800000|  0%| F|  |TAMS 0x00000000ec700000| PB 0x00000000ec700000| Untracked 
| 200|0x00000000ec800000, 0x00000000ec800000, 0x00000000ec900000|  0%| F|  |TAMS 0x00000000ec800000| PB 0x00000000ec800000| Untracked 
| 201|0x00000000ec900000, 0x00000000ec900000, 0x00000000eca00000|  0%| F|  |TAMS 0x00000000ec900000| PB 0x00000000ec900000| Untracked 
| 202|0x00000000eca00000, 0x00000000eca00000, 0x00000000ecb00000|  0%| F|  |TAMS 0x00000000eca00000| PB 0x00000000eca00000| Untracked 
| 203|0x00000000ecb00000, 0x00000000ecb00000, 0x00000000ecc00000|  0%| F|  |TAMS 0x00000000ecb00000| PB 0x00000000ecb00000| Untracked 
| 204|0x00000000ecc00000, 0x00000000ecc00000, 0x00000000ecd00000|  0%| F|  |TAMS 0x00000000ecc00000| PB 0x00000000ecc00000| Untracked 
| 205|0x00000000ecd00000, 0x00000000ecd00000, 0x00000000ece00000|  0%| F|  |TAMS 0x00000000ecd00000| PB 0x00000000ecd00000| Untracked 
| 206|0x00000000ece00000, 0x00000000ece00000, 0x00000000ecf00000|  0%| F|  |TAMS 0x00000000ece00000| PB 0x00000000ece00000| Untracked 
| 207|0x00000000ecf00000, 0x00000000ecf00000, 0x00000000ed000000|  0%| F|  |TAMS 0x00000000ecf00000| PB 0x00000000ecf00000| Untracked 
| 208|0x00000000ed000000, 0x00000000ed100000, 0x00000000ed100000|100%|HS|  |TAMS 0x00000000ed000000| PB 0x00000000ed000000| Complete 
| 209|0x00000000ed100000, 0x00000000ed100000, 0x00000000ed200000|  0%| F|  |TAMS 0x00000000ed100000| PB 0x00000000ed100000| Untracked 
| 210|0x00000000ed200000, 0x00000000ed200000, 0x00000000ed300000|  0%| F|  |TAMS 0x00000000ed200000| PB 0x00000000ed200000| Untracked 
| 211|0x00000000ed300000, 0x00000000ed300000, 0x00000000ed400000|  0%| F|  |TAMS 0x00000000ed300000| PB 0x00000000ed300000| Untracked 
| 212|0x00000000ed400000, 0x00000000ed400000, 0x00000000ed500000|  0%| F|  |TAMS 0x00000000ed400000| PB 0x00000000ed400000| Untracked 
| 213|0x00000000ed500000, 0x00000000ed500000, 0x00000000ed600000|  0%| F|  |TAMS 0x00000000ed500000| PB 0x00000000ed500000| Untracked 
| 214|0x00000000ed600000, 0x00000000ed600000, 0x00000000ed700000|  0%| F|  |TAMS 0x00000000ed600000| PB 0x00000000ed600000| Untracked 
| 215|0x00000000ed700000, 0x00000000ed700000, 0x00000000ed800000|  0%| F|  |TAMS 0x00000000ed700000| PB 0x00000000ed700000| Untracked 
| 216|0x00000000ed800000, 0x00000000ed800000, 0x00000000ed900000|  0%| F|  |TAMS 0x00000000ed800000| PB 0x00000000ed800000| Untracked 
| 217|0x00000000ed900000, 0x00000000ed900000, 0x00000000eda00000|  0%| F|  |TAMS 0x00000000ed900000| PB 0x00000000ed900000| Untracked 
| 218|0x00000000eda00000, 0x00000000eda00000, 0x00000000edb00000|  0%| F|  |TAMS 0x00000000eda00000| PB 0x00000000eda00000| Untracked 
| 219|0x00000000edb00000, 0x00000000edb00000, 0x00000000edc00000|  0%| F|  |TAMS 0x00000000edb00000| PB 0x00000000edb00000| Untracked 
| 220|0x00000000edc00000, 0x00000000edc00000, 0x00000000edd00000|  0%| F|  |TAMS 0x00000000edc00000| PB 0x00000000edc00000| Untracked 
| 221|0x00000000edd00000, 0x00000000edd00000, 0x00000000ede00000|  0%| F|  |TAMS 0x00000000edd00000| PB 0x00000000edd00000| Untracked 
| 222|0x00000000ede00000, 0x00000000ede00000, 0x00000000edf00000|  0%| F|  |TAMS 0x00000000ede00000| PB 0x00000000ede00000| Untracked 
| 223|0x00000000edf00000, 0x00000000edf00000, 0x00000000ee000000|  0%| F|  |TAMS 0x00000000edf00000| PB 0x00000000edf00000| Untracked 
| 224|0x00000000ee000000, 0x00000000ee000000, 0x00000000ee100000|  0%| F|  |TAMS 0x00000000ee000000| PB 0x00000000ee000000| Untracked 
| 225|0x00000000ee100000, 0x00000000ee100000, 0x00000000ee200000|  0%| F|  |TAMS 0x00000000ee100000| PB 0x00000000ee100000| Untracked 
| 226|0x00000000ee200000, 0x00000000ee300000, 0x00000000ee300000|100%| O|  |TAMS 0x00000000ee200000| PB 0x00000000ee200000| Untracked 
| 227|0x00000000ee300000, 0x00000000ee300000, 0x00000000ee400000|  0%| F|  |TAMS 0x00000000ee300000| PB 0x00000000ee300000| Untracked 
| 228|0x00000000ee400000, 0x00000000ee400000, 0x00000000ee500000|  0%| F|  |TAMS 0x00000000ee400000| PB 0x00000000ee400000| Untracked 
| 229|0x00000000ee500000, 0x00000000ee600000, 0x00000000ee600000|100%|HS|  |TAMS 0x00000000ee500000| PB 0x00000000ee500000| Complete 
| 230|0x00000000ee600000, 0x00000000ee700000, 0x00000000ee700000|100%|HC|  |TAMS 0x00000000ee600000| PB 0x00000000ee600000| Complete 
| 231|0x00000000ee700000, 0x00000000ee800000, 0x00000000ee800000|100%|HC|  |TAMS 0x00000000ee700000| PB 0x00000000ee700000| Complete 
| 232|0x00000000ee800000, 0x00000000ee900000, 0x00000000ee900000|100%|HC|  |TAMS 0x00000000ee800000| PB 0x00000000ee800000| Complete 
| 233|0x00000000ee900000, 0x00000000eea00000, 0x00000000eea00000|100%| O|Cm|TAMS 0x00000000ee900000| PB 0x00000000ee900000| Complete 
| 234|0x00000000eea00000, 0x00000000eeb00000, 0x00000000eeb00000|100%| O|  |TAMS 0x00000000eea00000| PB 0x00000000eea00000| Untracked 
| 235|0x00000000eeb00000, 0x00000000eec00000, 0x00000000eec00000|100%| O|Cm|TAMS 0x00000000eeb00000| PB 0x00000000eeb00000| Complete 
| 236|0x00000000eec00000, 0x00000000eed00000, 0x00000000eed00000|100%| O|  |TAMS 0x00000000eec00000| PB 0x00000000eec00000| Untracked 
| 237|0x00000000eed00000, 0x00000000eed00000, 0x00000000eee00000|  0%| F|  |TAMS 0x00000000eed00000| PB 0x00000000eed00000| Untracked 
| 238|0x00000000eee00000, 0x00000000eee00000, 0x00000000eef00000|  0%| F|  |TAMS 0x00000000eee00000| PB 0x00000000eee00000| Untracked 
| 239|0x00000000eef00000, 0x00000000eef00000, 0x00000000ef000000|  0%| F|  |TAMS 0x00000000eef00000| PB 0x00000000eef00000| Untracked 
| 240|0x00000000ef000000, 0x00000000ef100000, 0x00000000ef100000|100%| O|  |TAMS 0x00000000ef000000| PB 0x00000000ef000000| Untracked 
| 241|0x00000000ef100000, 0x00000000ef200000, 0x00000000ef200000|100%| O|  |TAMS 0x00000000ef100000| PB 0x00000000ef100000| Untracked 
| 242|0x00000000ef200000, 0x00000000ef300000, 0x00000000ef300000|100%| O|Cm|TAMS 0x00000000ef200000| PB 0x00000000ef200000| Complete 
| 243|0x00000000ef300000, 0x00000000ef300000, 0x00000000ef400000|  0%| F|  |TAMS 0x00000000ef300000| PB 0x00000000ef300000| Untracked 
| 244|0x00000000ef400000, 0x00000000ef500000, 0x00000000ef500000|100%| O|Cm|TAMS 0x00000000ef400000| PB 0x00000000ef400000| Complete 
| 245|0x00000000ef500000, 0x00000000ef600000, 0x00000000ef600000|100%| O|Cm|TAMS 0x00000000ef500000| PB 0x00000000ef500000| Complete 
| 246|0x00000000ef600000, 0x00000000ef700000, 0x00000000ef700000|100%| O|Cm|TAMS 0x00000000ef600000| PB 0x00000000ef600000| Complete 
| 247|0x00000000ef700000, 0x00000000ef800000, 0x00000000ef800000|100%| O|Cm|TAMS 0x00000000ef700000| PB 0x00000000ef700000| Complete 
| 248|0x00000000ef800000, 0x00000000ef900000, 0x00000000ef900000|100%| O|Cm|TAMS 0x00000000ef800000| PB 0x00000000ef800000| Complete 
| 249|0x00000000ef900000, 0x00000000ef900000, 0x00000000efa00000|  0%| F|  |TAMS 0x00000000ef900000| PB 0x00000000ef900000| Untracked 
| 250|0x00000000efa00000, 0x00000000efa00000, 0x00000000efb00000|  0%| F|  |TAMS 0x00000000efa00000| PB 0x00000000efa00000| Untracked 
| 251|0x00000000efb00000, 0x00000000efb00000, 0x00000000efc00000|  0%| F|  |TAMS 0x00000000efb00000| PB 0x00000000efb00000| Untracked 
| 252|0x00000000efc00000, 0x00000000efd00000, 0x00000000efd00000|100%| O|Cm|TAMS 0x00000000efc00000| PB 0x00000000efc00000| Complete 
| 253|0x00000000efd00000, 0x00000000efe00000, 0x00000000efe00000|100%| O|Cm|TAMS 0x00000000efd00000| PB 0x00000000efd00000| Complete 
| 254|0x00000000efe00000, 0x00000000eff00000, 0x00000000eff00000|100%| O|Cm|TAMS 0x00000000efe00000| PB 0x00000000efe00000| Complete 
| 255|0x00000000eff00000, 0x00000000f0000000, 0x00000000f0000000|100%| O|Cm|TAMS 0x00000000eff00000| PB 0x00000000eff00000| Complete 
| 256|0x00000000f0000000, 0x00000000f0100000, 0x00000000f0100000|100%| O|Cm|TAMS 0x00000000f0000000| PB 0x00000000f0000000| Complete 
| 257|0x00000000f0100000, 0x00000000f0200000, 0x00000000f0200000|100%| O|Cm|TAMS 0x00000000f0100000| PB 0x00000000f0100000| Complete 
| 258|0x00000000f0200000, 0x00000000f0300000, 0x00000000f0300000|100%| O|  |TAMS 0x00000000f0200000| PB 0x00000000f0200000| Untracked 
| 259|0x00000000f0300000, 0x00000000f0300000, 0x00000000f0400000|  0%| F|  |TAMS 0x00000000f0300000| PB 0x00000000f0300000| Untracked 
| 260|0x00000000f0400000, 0x00000000f0400000, 0x00000000f0500000|  0%| F|  |TAMS 0x00000000f0400000| PB 0x00000000f0400000| Untracked 
| 261|0x00000000f0500000, 0x00000000f0500000, 0x00000000f0600000|  0%| F|  |TAMS 0x00000000f0500000| PB 0x00000000f0500000| Untracked 
| 262|0x00000000f0600000, 0x00000000f0600000, 0x00000000f0700000|  0%| F|  |TAMS 0x00000000f0600000| PB 0x00000000f0600000| Untracked 
| 263|0x00000000f0700000, 0x00000000f0800000, 0x00000000f0800000|100%| O|Cm|TAMS 0x00000000f0700000| PB 0x00000000f0700000| Complete 
| 264|0x00000000f0800000, 0x00000000f0900000, 0x00000000f0900000|100%| O|Cm|TAMS 0x00000000f0800000| PB 0x00000000f0800000| Complete 
| 265|0x00000000f0900000, 0x00000000f0900000, 0x00000000f0a00000|  0%| F|  |TAMS 0x00000000f0900000| PB 0x00000000f0900000| Untracked 
| 266|0x00000000f0a00000, 0x00000000f0a00000, 0x00000000f0b00000|  0%| F|  |TAMS 0x00000000f0a00000| PB 0x00000000f0a00000| Untracked 
| 267|0x00000000f0b00000, 0x00000000f0c00000, 0x00000000f0c00000|100%| O|Cm|TAMS 0x00000000f0b00000| PB 0x00000000f0b00000| Complete 
| 268|0x00000000f0c00000, 0x00000000f0c00000, 0x00000000f0d00000|  0%| F|  |TAMS 0x00000000f0c00000| PB 0x00000000f0c00000| Untracked 
| 269|0x00000000f0d00000, 0x00000000f0e00000, 0x00000000f0e00000|100%| O|Cm|TAMS 0x00000000f0d00000| PB 0x00000000f0d00000| Complete 
| 270|0x00000000f0e00000, 0x00000000f0e00000, 0x00000000f0f00000|  0%| F|  |TAMS 0x00000000f0e00000| PB 0x00000000f0e00000| Untracked 
| 271|0x00000000f0f00000, 0x00000000f1000000, 0x00000000f1000000|100%| O|Cm|TAMS 0x00000000f0f00000| PB 0x00000000f0f00000| Complete 
| 272|0x00000000f1000000, 0x00000000f1100000, 0x00000000f1100000|100%| O|Cm|TAMS 0x00000000f1000000| PB 0x00000000f1000000| Complete 
| 273|0x00000000f1100000, 0x00000000f1200000, 0x00000000f1200000|100%| O|Cm|TAMS 0x00000000f1100000| PB 0x00000000f1100000| Complete 
| 274|0x00000000f1200000, 0x00000000f1300000, 0x00000000f1300000|100%| O|Cm|TAMS 0x00000000f1200000| PB 0x00000000f1200000| Complete 
| 275|0x00000000f1300000, 0x00000000f1400000, 0x00000000f1400000|100%| O|Cm|TAMS 0x00000000f1300000| PB 0x00000000f1300000| Complete 
| 276|0x00000000f1400000, 0x00000000f1500000, 0x00000000f1500000|100%| O|  |TAMS 0x00000000f1400000| PB 0x00000000f1400000| Untracked 
| 277|0x00000000f1500000, 0x00000000f1600000, 0x00000000f1600000|100%| O|Cm|TAMS 0x00000000f1500000| PB 0x00000000f1500000| Complete 
| 278|0x00000000f1600000, 0x00000000f1700000, 0x00000000f1700000|100%| O|Cm|TAMS 0x00000000f1600000| PB 0x00000000f1600000| Complete 
| 279|0x00000000f1700000, 0x00000000f1800000, 0x00000000f1800000|100%| O|  |TAMS 0x00000000f1700000| PB 0x00000000f1700000| Untracked 
| 280|0x00000000f1800000, 0x00000000f1900000, 0x00000000f1900000|100%| O|  |TAMS 0x00000000f1800000| PB 0x00000000f1800000| Untracked 
| 281|0x00000000f1900000, 0x00000000f1a00000, 0x00000000f1a00000|100%| O|  |TAMS 0x00000000f1900000| PB 0x00000000f1900000| Untracked 
| 282|0x00000000f1a00000, 0x00000000f1b00000, 0x00000000f1b00000|100%| O|  |TAMS 0x00000000f1a00000| PB 0x00000000f1a00000| Untracked 
| 283|0x00000000f1b00000, 0x00000000f1c00000, 0x00000000f1c00000|100%| O|  |TAMS 0x00000000f1b00000| PB 0x00000000f1b00000| Untracked 
| 284|0x00000000f1c00000, 0x00000000f1d00000, 0x00000000f1d00000|100%| O|  |TAMS 0x00000000f1c00000| PB 0x00000000f1c00000| Untracked 
| 285|0x00000000f1d00000, 0x00000000f1e00000, 0x00000000f1e00000|100%| O|  |TAMS 0x00000000f1d00000| PB 0x00000000f1d00000| Untracked 
| 286|0x00000000f1e00000, 0x00000000f1f00000, 0x00000000f1f00000|100%| O|  |TAMS 0x00000000f1e00000| PB 0x00000000f1e00000| Untracked 
| 287|0x00000000f1f00000, 0x00000000f2000000, 0x00000000f2000000|100%| O|  |TAMS 0x00000000f1f00000| PB 0x00000000f1f00000| Untracked 
| 288|0x00000000f2000000, 0x00000000f2100000, 0x00000000f2100000|100%| O|  |TAMS 0x00000000f2000000| PB 0x00000000f2000000| Untracked 
| 289|0x00000000f2100000, 0x00000000f2200000, 0x00000000f2200000|100%| O|  |TAMS 0x00000000f2100000| PB 0x00000000f2100000| Untracked 
| 290|0x00000000f2200000, 0x00000000f2300000, 0x00000000f2300000|100%| O|  |TAMS 0x00000000f2200000| PB 0x00000000f2200000| Untracked 
| 291|0x00000000f2300000, 0x00000000f2400000, 0x00000000f2400000|100%| O|  |TAMS 0x00000000f2300000| PB 0x00000000f2300000| Untracked 
| 292|0x00000000f2400000, 0x00000000f2500000, 0x00000000f2500000|100%| O|  |TAMS 0x00000000f2400000| PB 0x00000000f2400000| Untracked 
| 293|0x00000000f2500000, 0x00000000f2600000, 0x00000000f2600000|100%| O|  |TAMS 0x00000000f2500000| PB 0x00000000f2500000| Untracked 
| 294|0x00000000f2600000, 0x00000000f2700000, 0x00000000f2700000|100%| O|  |TAMS 0x00000000f2600000| PB 0x00000000f2600000| Untracked 
| 295|0x00000000f2700000, 0x00000000f2800000, 0x00000000f2800000|100%| O|  |TAMS 0x00000000f2700000| PB 0x00000000f2700000| Untracked 
| 296|0x00000000f2800000, 0x00000000f2900000, 0x00000000f2900000|100%| O|  |TAMS 0x00000000f2800000| PB 0x00000000f2800000| Untracked 
| 297|0x00000000f2900000, 0x00000000f2a00000, 0x00000000f2a00000|100%| O|  |TAMS 0x00000000f2900000| PB 0x00000000f2900000| Untracked 
| 298|0x00000000f2a00000, 0x00000000f2b00000, 0x00000000f2b00000|100%| O|  |TAMS 0x00000000f2a00000| PB 0x00000000f2a00000| Untracked 
| 299|0x00000000f2b00000, 0x00000000f2c00000, 0x00000000f2c00000|100%| O|  |TAMS 0x00000000f2b00000| PB 0x00000000f2b00000| Untracked 
| 300|0x00000000f2c00000, 0x00000000f2d00000, 0x00000000f2d00000|100%| O|  |TAMS 0x00000000f2c00000| PB 0x00000000f2c00000| Untracked 
| 301|0x00000000f2d00000, 0x00000000f2e00000, 0x00000000f2e00000|100%| O|  |TAMS 0x00000000f2d00000| PB 0x00000000f2d00000| Untracked 
| 302|0x00000000f2e00000, 0x00000000f2f00000, 0x00000000f2f00000|100%| O|  |TAMS 0x00000000f2e00000| PB 0x00000000f2e00000| Untracked 
| 303|0x00000000f2f00000, 0x00000000f3000000, 0x00000000f3000000|100%| O|  |TAMS 0x00000000f2f00000| PB 0x00000000f2f00000| Untracked 
| 304|0x00000000f3000000, 0x00000000f3100000, 0x00000000f3100000|100%| O|  |TAMS 0x00000000f3000000| PB 0x00000000f3000000| Untracked 
| 305|0x00000000f3100000, 0x00000000f3200000, 0x00000000f3200000|100%| O|  |TAMS 0x00000000f3100000| PB 0x00000000f3100000| Untracked 
| 306|0x00000000f3200000, 0x00000000f3300000, 0x00000000f3300000|100%| O|  |TAMS 0x00000000f3200000| PB 0x00000000f3200000| Untracked 
| 307|0x00000000f3300000, 0x00000000f3400000, 0x00000000f3400000|100%| O|Cm|TAMS 0x00000000f3300000| PB 0x00000000f3300000| Complete 
| 308|0x00000000f3400000, 0x00000000f3500000, 0x00000000f3500000|100%| O|Cm|TAMS 0x00000000f3400000| PB 0x00000000f3400000| Complete 
| 309|0x00000000f3500000, 0x00000000f3500000, 0x00000000f3600000|  0%| F|  |TAMS 0x00000000f3500000| PB 0x00000000f3500000| Untracked 
| 310|0x00000000f3600000, 0x00000000f3600000, 0x00000000f3700000|  0%| F|  |TAMS 0x00000000f3600000| PB 0x00000000f3600000| Untracked 
| 311|0x00000000f3700000, 0x00000000f3700000, 0x00000000f3800000|  0%| F|  |TAMS 0x00000000f3700000| PB 0x00000000f3700000| Untracked 
| 312|0x00000000f3800000, 0x00000000f3800000, 0x00000000f3900000|  0%| F|  |TAMS 0x00000000f3800000| PB 0x00000000f3800000| Untracked 
| 313|0x00000000f3900000, 0x00000000f3900000, 0x00000000f3a00000|  0%| F|  |TAMS 0x00000000f3900000| PB 0x00000000f3900000| Untracked 
| 314|0x00000000f3a00000, 0x00000000f3a00000, 0x00000000f3b00000|  0%| F|  |TAMS 0x00000000f3a00000| PB 0x00000000f3a00000| Untracked 
| 315|0x00000000f3b00000, 0x00000000f3b00000, 0x00000000f3c00000|  0%| F|  |TAMS 0x00000000f3b00000| PB 0x00000000f3b00000| Untracked 
| 316|0x00000000f3c00000, 0x00000000f3c00000, 0x00000000f3d00000|  0%| F|  |TAMS 0x00000000f3c00000| PB 0x00000000f3c00000| Untracked 
| 317|0x00000000f3d00000, 0x00000000f3d00000, 0x00000000f3e00000|  0%| F|  |TAMS 0x00000000f3d00000| PB 0x00000000f3d00000| Untracked 
| 318|0x00000000f3e00000, 0x00000000f3e00000, 0x00000000f3f00000|  0%| F|  |TAMS 0x00000000f3e00000| PB 0x00000000f3e00000| Untracked 
| 319|0x00000000f3f00000, 0x00000000f3f00000, 0x00000000f4000000|  0%| F|  |TAMS 0x00000000f3f00000| PB 0x00000000f3f00000| Untracked 
| 320|0x00000000f4000000, 0x00000000f4000000, 0x00000000f4100000|  0%| F|  |TAMS 0x00000000f4000000| PB 0x00000000f4000000| Untracked 
| 321|0x00000000f4100000, 0x00000000f4100000, 0x00000000f4200000|  0%| F|  |TAMS 0x00000000f4100000| PB 0x00000000f4100000| Untracked 
| 322|0x00000000f4200000, 0x00000000f4200000, 0x00000000f4300000|  0%| F|  |TAMS 0x00000000f4200000| PB 0x00000000f4200000| Untracked 
| 323|0x00000000f4300000, 0x00000000f4300000, 0x00000000f4400000|  0%| F|  |TAMS 0x00000000f4300000| PB 0x00000000f4300000| Untracked 
| 324|0x00000000f4400000, 0x00000000f4400000, 0x00000000f4500000|  0%| F|  |TAMS 0x00000000f4400000| PB 0x00000000f4400000| Untracked 
| 325|0x00000000f4500000, 0x00000000f4500000, 0x00000000f4600000|  0%| F|  |TAMS 0x00000000f4500000| PB 0x00000000f4500000| Untracked 
| 326|0x00000000f4600000, 0x00000000f4600000, 0x00000000f4700000|  0%| F|  |TAMS 0x00000000f4600000| PB 0x00000000f4600000| Untracked 
| 327|0x00000000f4700000, 0x00000000f4700000, 0x00000000f4800000|  0%| F|  |TAMS 0x00000000f4700000| PB 0x00000000f4700000| Untracked 
| 328|0x00000000f4800000, 0x00000000f4800000, 0x00000000f4900000|  0%| F|  |TAMS 0x00000000f4800000| PB 0x00000000f4800000| Untracked 
| 329|0x00000000f4900000, 0x00000000f4900000, 0x00000000f4a00000|  0%| F|  |TAMS 0x00000000f4900000| PB 0x00000000f4900000| Untracked 
| 330|0x00000000f4a00000, 0x00000000f4a00000, 0x00000000f4b00000|  0%| F|  |TAMS 0x00000000f4a00000| PB 0x00000000f4a00000| Untracked 
| 331|0x00000000f4b00000, 0x00000000f4b00000, 0x00000000f4c00000|  0%| F|  |TAMS 0x00000000f4b00000| PB 0x00000000f4b00000| Untracked 
| 332|0x00000000f4c00000, 0x00000000f4c00000, 0x00000000f4d00000|  0%| F|  |TAMS 0x00000000f4c00000| PB 0x00000000f4c00000| Untracked 
| 333|0x00000000f4d00000, 0x00000000f4d00000, 0x00000000f4e00000|  0%| F|  |TAMS 0x00000000f4d00000| PB 0x00000000f4d00000| Untracked 
| 334|0x00000000f4e00000, 0x00000000f4f00000, 0x00000000f4f00000|100%| O|  |TAMS 0x00000000f4e00000| PB 0x00000000f4e00000| Untracked 
| 335|0x00000000f4f00000, 0x00000000f5000000, 0x00000000f5000000|100%| O|  |TAMS 0x00000000f4f00000| PB 0x00000000f4f00000| Untracked 
| 336|0x00000000f5000000, 0x00000000f5100000, 0x00000000f5100000|100%| O|  |TAMS 0x00000000f5000000| PB 0x00000000f5000000| Untracked 
| 337|0x00000000f5100000, 0x00000000f5200000, 0x00000000f5200000|100%| O|  |TAMS 0x00000000f5100000| PB 0x00000000f5100000| Untracked 
| 338|0x00000000f5200000, 0x00000000f5300000, 0x00000000f5300000|100%| O|Cm|TAMS 0x00000000f5200000| PB 0x00000000f5200000| Complete 
| 339|0x00000000f5300000, 0x00000000f5400000, 0x00000000f5400000|100%| O|Cm|TAMS 0x00000000f5300000| PB 0x00000000f5300000| Complete 
| 340|0x00000000f5400000, 0x00000000f5400000, 0x00000000f5500000|  0%| F|  |TAMS 0x00000000f5400000| PB 0x00000000f5400000| Untracked 
| 341|0x00000000f5500000, 0x00000000f5600000, 0x00000000f5600000|100%| O|Cm|TAMS 0x00000000f5500000| PB 0x00000000f5500000| Complete 
| 342|0x00000000f5600000, 0x00000000f5700000, 0x00000000f5700000|100%| O|Cm|TAMS 0x00000000f5600000| PB 0x00000000f5600000| Complete 
| 343|0x00000000f5700000, 0x00000000f5700000, 0x00000000f5800000|  0%| F|  |TAMS 0x00000000f5700000| PB 0x00000000f5700000| Untracked 
| 344|0x00000000f5800000, 0x00000000f5800000, 0x00000000f5900000|  0%| F|  |TAMS 0x00000000f5800000| PB 0x00000000f5800000| Untracked 
| 345|0x00000000f5900000, 0x00000000f5900000, 0x00000000f5a00000|  0%| F|  |TAMS 0x00000000f5900000| PB 0x00000000f5900000| Untracked 
| 346|0x00000000f5a00000, 0x00000000f5a00000, 0x00000000f5b00000|  0%| F|  |TAMS 0x00000000f5a00000| PB 0x00000000f5a00000| Untracked 
| 347|0x00000000f5b00000, 0x00000000f5b00000, 0x00000000f5c00000|  0%| F|  |TAMS 0x00000000f5b00000| PB 0x00000000f5b00000| Untracked 
| 348|0x00000000f5c00000, 0x00000000f5d00000, 0x00000000f5d00000|100%| O|  |TAMS 0x00000000f5c00000| PB 0x00000000f5c00000| Untracked 
| 349|0x00000000f5d00000, 0x00000000f5d00000, 0x00000000f5e00000|  0%| F|  |TAMS 0x00000000f5d00000| PB 0x00000000f5d00000| Untracked 
| 350|0x00000000f5e00000, 0x00000000f5f00000, 0x00000000f5f00000|100%| O|  |TAMS 0x00000000f5e00000| PB 0x00000000f5e00000| Untracked 
| 351|0x00000000f5f00000, 0x00000000f6000000, 0x00000000f6000000|100%| O|  |TAMS 0x00000000f5f00000| PB 0x00000000f5f00000| Untracked 
| 352|0x00000000f6000000, 0x00000000f6100000, 0x00000000f6100000|100%| O|Cm|TAMS 0x00000000f6000000| PB 0x00000000f6000000| Complete 
| 353|0x00000000f6100000, 0x00000000f6200000, 0x00000000f6200000|100%| O|  |TAMS 0x00000000f6100000| PB 0x00000000f6100000| Untracked 
| 354|0x00000000f6200000, 0x00000000f6300000, 0x00000000f6300000|100%| O|  |TAMS 0x00000000f6200000| PB 0x00000000f6200000| Untracked 
| 355|0x00000000f6300000, 0x00000000f6400000, 0x00000000f6400000|100%| O|  |TAMS 0x00000000f6300000| PB 0x00000000f6300000| Untracked 
| 356|0x00000000f6400000, 0x00000000f6500000, 0x00000000f6500000|100%| O|Cm|TAMS 0x00000000f6400000| PB 0x00000000f6400000| Complete 
| 357|0x00000000f6500000, 0x00000000f6600000, 0x00000000f6600000|100%| O|  |TAMS 0x00000000f6500000| PB 0x00000000f6500000| Untracked 
| 358|0x00000000f6600000, 0x00000000f6700000, 0x00000000f6700000|100%| O|Cm|TAMS 0x00000000f6600000| PB 0x00000000f6600000| Complete 
| 359|0x00000000f6700000, 0x00000000f6800000, 0x00000000f6800000|100%| O|  |TAMS 0x00000000f6700000| PB 0x00000000f6700000| Untracked 
| 360|0x00000000f6800000, 0x00000000f6900000, 0x00000000f6900000|100%| O|Cm|TAMS 0x00000000f6800000| PB 0x00000000f6800000| Complete 
| 361|0x00000000f6900000, 0x00000000f6a00000, 0x00000000f6a00000|100%| O|Cm|TAMS 0x00000000f6900000| PB 0x00000000f6900000| Complete 
| 362|0x00000000f6a00000, 0x00000000f6b00000, 0x00000000f6b00000|100%| O|Cm|TAMS 0x00000000f6a00000| PB 0x00000000f6a00000| Complete 
| 363|0x00000000f6b00000, 0x00000000f6c00000, 0x00000000f6c00000|100%| O|Cm|TAMS 0x00000000f6b00000| PB 0x00000000f6b00000| Complete 
| 364|0x00000000f6c00000, 0x00000000f6d00000, 0x00000000f6d00000|100%| O|Cm|TAMS 0x00000000f6c00000| PB 0x00000000f6c00000| Complete 
| 365|0x00000000f6d00000, 0x00000000f6e00000, 0x00000000f6e00000|100%| O|  |TAMS 0x00000000f6d00000| PB 0x00000000f6d00000| Untracked 
| 366|0x00000000f6e00000, 0x00000000f6f00000, 0x00000000f6f00000|100%| O|  |TAMS 0x00000000f6e00000| PB 0x00000000f6e00000| Untracked 
| 367|0x00000000f6f00000, 0x00000000f7000000, 0x00000000f7000000|100%| O|Cm|TAMS 0x00000000f6f00000| PB 0x00000000f6f00000| Complete 
| 368|0x00000000f7000000, 0x00000000f7100000, 0x00000000f7100000|100%| O|  |TAMS 0x00000000f7000000| PB 0x00000000f7000000| Untracked 
| 369|0x00000000f7100000, 0x00000000f7200000, 0x00000000f7200000|100%| O|  |TAMS 0x00000000f7100000| PB 0x00000000f7100000| Untracked 
| 370|0x00000000f7200000, 0x00000000f7300000, 0x00000000f7300000|100%| O|  |TAMS 0x00000000f7200000| PB 0x00000000f7200000| Untracked 
| 371|0x00000000f7300000, 0x00000000f7400000, 0x00000000f7400000|100%| O|  |TAMS 0x00000000f7300000| PB 0x00000000f7300000| Untracked 
| 372|0x00000000f7400000, 0x00000000f7500000, 0x00000000f7500000|100%| O|Cm|TAMS 0x00000000f7400000| PB 0x00000000f7400000| Complete 
| 373|0x00000000f7500000, 0x00000000f7600000, 0x00000000f7600000|100%| O|  |TAMS 0x00000000f7500000| PB 0x00000000f7500000| Untracked 
| 374|0x00000000f7600000, 0x00000000f7700000, 0x00000000f7700000|100%| O|  |TAMS 0x00000000f7600000| PB 0x00000000f7600000| Untracked 
| 375|0x00000000f7700000, 0x00000000f7800000, 0x00000000f7800000|100%| O|Cm|TAMS 0x00000000f7700000| PB 0x00000000f7700000| Complete 
| 376|0x00000000f7800000, 0x00000000f7900000, 0x00000000f7900000|100%| O|  |TAMS 0x00000000f7800000| PB 0x00000000f7800000| Untracked 
| 377|0x00000000f7900000, 0x00000000f7a00000, 0x00000000f7a00000|100%| O|  |TAMS 0x00000000f7900000| PB 0x00000000f7900000| Untracked 
| 378|0x00000000f7a00000, 0x00000000f7b00000, 0x00000000f7b00000|100%| O|  |TAMS 0x00000000f7a00000| PB 0x00000000f7a00000| Untracked 
| 379|0x00000000f7b00000, 0x00000000f7c00000, 0x00000000f7c00000|100%| O|  |TAMS 0x00000000f7b00000| PB 0x00000000f7b00000| Untracked 
| 380|0x00000000f7c00000, 0x00000000f7d00000, 0x00000000f7d00000|100%| O|  |TAMS 0x00000000f7c00000| PB 0x00000000f7c00000| Untracked 
| 381|0x00000000f7d00000, 0x00000000f7e00000, 0x00000000f7e00000|100%| O|Cm|TAMS 0x00000000f7d00000| PB 0x00000000f7d00000| Complete 
| 382|0x00000000f7e00000, 0x00000000f7f00000, 0x00000000f7f00000|100%| O|Cm|TAMS 0x00000000f7e00000| PB 0x00000000f7e00000| Complete 
| 383|0x00000000f7f00000, 0x00000000f8000000, 0x00000000f8000000|100%| O|Cm|TAMS 0x00000000f7f00000| PB 0x00000000f7f00000| Complete 
| 384|0x00000000f8000000, 0x00000000f8100000, 0x00000000f8100000|100%| O|Cm|TAMS 0x00000000f8000000| PB 0x00000000f8000000| Complete 
| 385|0x00000000f8100000, 0x00000000f8200000, 0x00000000f8200000|100%| O|Cm|TAMS 0x00000000f8100000| PB 0x00000000f8100000| Complete 
| 386|0x00000000f8200000, 0x00000000f8300000, 0x00000000f8300000|100%| O|Cm|TAMS 0x00000000f8200000| PB 0x00000000f8200000| Complete 
| 387|0x00000000f8300000, 0x00000000f8400000, 0x00000000f8400000|100%| O|  |TAMS 0x00000000f8300000| PB 0x00000000f8300000| Untracked 
| 388|0x00000000f8400000, 0x00000000f8500000, 0x00000000f8500000|100%| O|Cm|TAMS 0x00000000f8400000| PB 0x00000000f8400000| Complete 
| 389|0x00000000f8500000, 0x00000000f8600000, 0x00000000f8600000|100%| O|  |TAMS 0x00000000f8500000| PB 0x00000000f8500000| Untracked 
| 390|0x00000000f8600000, 0x00000000f8700000, 0x00000000f8700000|100%| O|Cm|TAMS 0x00000000f8600000| PB 0x00000000f8600000| Complete 
| 391|0x00000000f8700000, 0x00000000f8800000, 0x00000000f8800000|100%| O|Cm|TAMS 0x00000000f8700000| PB 0x00000000f8700000| Complete 
| 392|0x00000000f8800000, 0x00000000f8900000, 0x00000000f8900000|100%| O|Cm|TAMS 0x00000000f8800000| PB 0x00000000f8800000| Complete 
| 393|0x00000000f8900000, 0x00000000f8a00000, 0x00000000f8a00000|100%| O|Cm|TAMS 0x00000000f8900000| PB 0x00000000f8900000| Complete 
| 394|0x00000000f8a00000, 0x00000000f8b00000, 0x00000000f8b00000|100%| O|Cm|TAMS 0x00000000f8a00000| PB 0x00000000f8a00000| Complete 
| 395|0x00000000f8b00000, 0x00000000f8c00000, 0x00000000f8c00000|100%| O|Cm|TAMS 0x00000000f8b00000| PB 0x00000000f8b00000| Complete 
| 396|0x00000000f8c00000, 0x00000000f8d00000, 0x00000000f8d00000|100%| O|Cm|TAMS 0x00000000f8c00000| PB 0x00000000f8c00000| Complete 
| 397|0x00000000f8d00000, 0x00000000f8e00000, 0x00000000f8e00000|100%| O|Cm|TAMS 0x00000000f8d00000| PB 0x00000000f8d00000| Complete 
| 398|0x00000000f8e00000, 0x00000000f8f00000, 0x00000000f8f00000|100%| O|  |TAMS 0x00000000f8e00000| PB 0x00000000f8e00000| Untracked 
| 399|0x00000000f8f00000, 0x00000000f9000000, 0x00000000f9000000|100%| O|  |TAMS 0x00000000f8f00000| PB 0x00000000f8f00000| Untracked 
| 400|0x00000000f9000000, 0x00000000f9100000, 0x00000000f9100000|100%| O|  |TAMS 0x00000000f9000000| PB 0x00000000f9000000| Untracked 
| 401|0x00000000f9100000, 0x00000000f9200000, 0x00000000f9200000|100%| O|  |TAMS 0x00000000f9100000| PB 0x00000000f9100000| Untracked 
| 402|0x00000000f9200000, 0x00000000f9300000, 0x00000000f9300000|100%| O|  |TAMS 0x00000000f9200000| PB 0x00000000f9200000| Untracked 
| 403|0x00000000f9300000, 0x00000000f9400000, 0x00000000f9400000|100%| O|  |TAMS 0x00000000f9300000| PB 0x00000000f9300000| Untracked 
| 404|0x00000000f9400000, 0x00000000f9500000, 0x00000000f9500000|100%| O|  |TAMS 0x00000000f9400000| PB 0x00000000f9400000| Untracked 
| 405|0x00000000f9500000, 0x00000000f9600000, 0x00000000f9600000|100%| O|  |TAMS 0x00000000f9500000| PB 0x00000000f9500000| Untracked 
| 406|0x00000000f9600000, 0x00000000f9700000, 0x00000000f9700000|100%| O|  |TAMS 0x00000000f9600000| PB 0x00000000f9600000| Untracked 
| 407|0x00000000f9700000, 0x00000000f9800000, 0x00000000f9800000|100%| O|  |TAMS 0x00000000f9700000| PB 0x00000000f9700000| Untracked 
| 408|0x00000000f9800000, 0x00000000f9900000, 0x00000000f9900000|100%| O|  |TAMS 0x00000000f9800000| PB 0x00000000f9800000| Untracked 
| 409|0x00000000f9900000, 0x00000000f9a00000, 0x00000000f9a00000|100%| O|  |TAMS 0x00000000f9900000| PB 0x00000000f9900000| Untracked 
| 410|0x00000000f9a00000, 0x00000000f9b00000, 0x00000000f9b00000|100%| O|  |TAMS 0x00000000f9a00000| PB 0x00000000f9a00000| Untracked 
| 411|0x00000000f9b00000, 0x00000000f9c00000, 0x00000000f9c00000|100%| O|  |TAMS 0x00000000f9b00000| PB 0x00000000f9b00000| Untracked 
| 412|0x00000000f9c00000, 0x00000000f9d00000, 0x00000000f9d00000|100%| O|  |TAMS 0x00000000f9c00000| PB 0x00000000f9c00000| Untracked 
| 413|0x00000000f9d00000, 0x00000000f9e00000, 0x00000000f9e00000|100%| O|  |TAMS 0x00000000f9d00000| PB 0x00000000f9d00000| Untracked 
| 414|0x00000000f9e00000, 0x00000000f9f00000, 0x00000000f9f00000|100%| O|  |TAMS 0x00000000f9e00000| PB 0x00000000f9e00000| Untracked 
| 415|0x00000000f9f00000, 0x00000000fa000000, 0x00000000fa000000|100%| O|  |TAMS 0x00000000f9f00000| PB 0x00000000f9f00000| Untracked 
| 416|0x00000000fa000000, 0x00000000fa100000, 0x00000000fa100000|100%| O|  |TAMS 0x00000000fa000000| PB 0x00000000fa000000| Untracked 
| 417|0x00000000fa100000, 0x00000000fa200000, 0x00000000fa200000|100%| O|  |TAMS 0x00000000fa100000| PB 0x00000000fa100000| Untracked 
| 418|0x00000000fa200000, 0x00000000fa300000, 0x00000000fa300000|100%| O|Cm|TAMS 0x00000000fa200000| PB 0x00000000fa200000| Complete 
| 419|0x00000000fa300000, 0x00000000fa400000, 0x00000000fa400000|100%| O|  |TAMS 0x00000000fa300000| PB 0x00000000fa300000| Untracked 
| 420|0x00000000fa400000, 0x00000000fa500000, 0x00000000fa500000|100%| O|  |TAMS 0x00000000fa400000| PB 0x00000000fa400000| Untracked 
| 421|0x00000000fa500000, 0x00000000fa600000, 0x00000000fa600000|100%| O|  |TAMS 0x00000000fa500000| PB 0x00000000fa500000| Untracked 
| 422|0x00000000fa600000, 0x00000000fa700000, 0x00000000fa700000|100%| O|  |TAMS 0x00000000fa600000| PB 0x00000000fa600000| Untracked 
| 423|0x00000000fa700000, 0x00000000fa800000, 0x00000000fa800000|100%| O|  |TAMS 0x00000000fa700000| PB 0x00000000fa700000| Untracked 
| 424|0x00000000fa800000, 0x00000000fa900000, 0x00000000fa900000|100%| O|  |TAMS 0x00000000fa800000| PB 0x00000000fa800000| Untracked 
| 425|0x00000000fa900000, 0x00000000fa900000, 0x00000000faa00000|  0%| F|  |TAMS 0x00000000fa900000| PB 0x00000000fa900000| Untracked 
| 426|0x00000000faa00000, 0x00000000faa00000, 0x00000000fab00000|  0%| F|  |TAMS 0x00000000faa00000| PB 0x00000000faa00000| Untracked 
| 427|0x00000000fab00000, 0x00000000fab00000, 0x00000000fac00000|  0%| F|  |TAMS 0x00000000fab00000| PB 0x00000000fab00000| Untracked 
| 428|0x00000000fac00000, 0x00000000fac00000, 0x00000000fad00000|  0%| F|  |TAMS 0x00000000fac00000| PB 0x00000000fac00000| Untracked 
| 429|0x00000000fad00000, 0x00000000fad00000, 0x00000000fae00000|  0%| F|  |TAMS 0x00000000fad00000| PB 0x00000000fad00000| Untracked 
| 430|0x00000000fae00000, 0x00000000faeeb890, 0x00000000faf00000| 92%| E|  |TAMS 0x00000000fae00000| PB 0x00000000fae00000| Complete 
| 431|0x00000000faf00000, 0x00000000fb000000, 0x00000000fb000000|100%| E|CS|TAMS 0x00000000faf00000| PB 0x00000000faf00000| Complete 
| 432|0x00000000fb000000, 0x00000000fb100000, 0x00000000fb100000|100%| E|CS|TAMS 0x00000000fb000000| PB 0x00000000fb000000| Complete 
| 433|0x00000000fb100000, 0x00000000fb200000, 0x00000000fb200000|100%| E|CS|TAMS 0x00000000fb100000| PB 0x00000000fb100000| Complete 
| 434|0x00000000fb200000, 0x00000000fb300000, 0x00000000fb300000|100%| E|CS|TAMS 0x00000000fb200000| PB 0x00000000fb200000| Complete 
| 435|0x00000000fb300000, 0x00000000fb400000, 0x00000000fb400000|100%| E|CS|TAMS 0x00000000fb300000| PB 0x00000000fb300000| Complete 
| 436|0x00000000fb400000, 0x00000000fb500000, 0x00000000fb500000|100%| E|CS|TAMS 0x00000000fb400000| PB 0x00000000fb400000| Complete 
| 437|0x00000000fb500000, 0x00000000fb600000, 0x00000000fb600000|100%| E|CS|TAMS 0x00000000fb500000| PB 0x00000000fb500000| Complete 
| 438|0x00000000fb600000, 0x00000000fb700000, 0x00000000fb700000|100%| E|CS|TAMS 0x00000000fb600000| PB 0x00000000fb600000| Complete 
| 439|0x00000000fb700000, 0x00000000fb800000, 0x00000000fb800000|100%| E|CS|TAMS 0x00000000fb700000| PB 0x00000000fb700000| Complete 
| 440|0x00000000fb800000, 0x00000000fb900000, 0x00000000fb900000|100%| E|CS|TAMS 0x00000000fb800000| PB 0x00000000fb800000| Complete 
| 441|0x00000000fb900000, 0x00000000fba00000, 0x00000000fba00000|100%| E|CS|TAMS 0x00000000fb900000| PB 0x00000000fb900000| Complete 
| 442|0x00000000fba00000, 0x00000000fbb00000, 0x00000000fbb00000|100%| E|CS|TAMS 0x00000000fba00000| PB 0x00000000fba00000| Complete 
| 443|0x00000000fbb00000, 0x00000000fbc00000, 0x00000000fbc00000|100%| E|CS|TAMS 0x00000000fbb00000| PB 0x00000000fbb00000| Complete 
| 444|0x00000000fbc00000, 0x00000000fbd00000, 0x00000000fbd00000|100%| E|CS|TAMS 0x00000000fbc00000| PB 0x00000000fbc00000| Complete 
| 445|0x00000000fbd00000, 0x00000000fbe00000, 0x00000000fbe00000|100%| E|CS|TAMS 0x00000000fbd00000| PB 0x00000000fbd00000| Complete 
| 446|0x00000000fbe00000, 0x00000000fbf00000, 0x00000000fbf00000|100%| E|CS|TAMS 0x00000000fbe00000| PB 0x00000000fbe00000| Complete 
| 447|0x00000000fbf00000, 0x00000000fc000000, 0x00000000fc000000|100%| E|CS|TAMS 0x00000000fbf00000| PB 0x00000000fbf00000| Complete 
| 448|0x00000000fc000000, 0x00000000fc100000, 0x00000000fc100000|100%| E|CS|TAMS 0x00000000fc000000| PB 0x00000000fc000000| Complete 
| 449|0x00000000fc100000, 0x00000000fc200000, 0x00000000fc200000|100%| E|CS|TAMS 0x00000000fc100000| PB 0x00000000fc100000| Complete 
| 450|0x00000000fc200000, 0x00000000fc300000, 0x00000000fc300000|100%| E|CS|TAMS 0x00000000fc200000| PB 0x00000000fc200000| Complete 
| 451|0x00000000fc300000, 0x00000000fc400000, 0x00000000fc400000|100%| E|CS|TAMS 0x00000000fc300000| PB 0x00000000fc300000| Complete 
| 452|0x00000000fc400000, 0x00000000fc500000, 0x00000000fc500000|100%| E|CS|TAMS 0x00000000fc400000| PB 0x00000000fc400000| Complete 
| 453|0x00000000fc500000, 0x00000000fc600000, 0x00000000fc600000|100%| E|CS|TAMS 0x00000000fc500000| PB 0x00000000fc500000| Complete 
| 454|0x00000000fc600000, 0x00000000fc700000, 0x00000000fc700000|100%| E|CS|TAMS 0x00000000fc600000| PB 0x00000000fc600000| Complete 
| 455|0x00000000fc700000, 0x00000000fc800000, 0x00000000fc800000|100%| E|CS|TAMS 0x00000000fc700000| PB 0x00000000fc700000| Complete 
| 456|0x00000000fc800000, 0x00000000fc900000, 0x00000000fc900000|100%| E|CS|TAMS 0x00000000fc800000| PB 0x00000000fc800000| Complete 
| 457|0x00000000fc900000, 0x00000000fca00000, 0x00000000fca00000|100%| E|CS|TAMS 0x00000000fc900000| PB 0x00000000fc900000| Complete 
| 458|0x00000000fca00000, 0x00000000fcb00000, 0x00000000fcb00000|100%| E|CS|TAMS 0x00000000fca00000| PB 0x00000000fca00000| Complete 
| 459|0x00000000fcb00000, 0x00000000fcbc9d40, 0x00000000fcc00000| 78%| S|CS|TAMS 0x00000000fcb00000| PB 0x00000000fcb00000| Complete 
| 460|0x00000000fcc00000, 0x00000000fcd00000, 0x00000000fcd00000|100%| S|CS|TAMS 0x00000000fcc00000| PB 0x00000000fcc00000| Complete 
| 461|0x00000000fcd00000, 0x00000000fce00000, 0x00000000fce00000|100%| E|CS|TAMS 0x00000000fcd00000| PB 0x00000000fcd00000| Complete 
| 462|0x00000000fce00000, 0x00000000fcf00000, 0x00000000fcf00000|100%| E|CS|TAMS 0x00000000fce00000| PB 0x00000000fce00000| Complete 
| 463|0x00000000fcf00000, 0x00000000fd000000, 0x00000000fd000000|100%| E|CS|TAMS 0x00000000fcf00000| PB 0x00000000fcf00000| Complete 
| 464|0x00000000fd000000, 0x00000000fd100000, 0x00000000fd100000|100%| E|CS|TAMS 0x00000000fd000000| PB 0x00000000fd000000| Complete 
| 465|0x00000000fd100000, 0x00000000fd200000, 0x00000000fd200000|100%| E|CS|TAMS 0x00000000fd100000| PB 0x00000000fd100000| Complete 
| 466|0x00000000fd200000, 0x00000000fd300000, 0x00000000fd300000|100%| E|CS|TAMS 0x00000000fd200000| PB 0x00000000fd200000| Complete 
| 467|0x00000000fd300000, 0x00000000fd400000, 0x00000000fd400000|100%| E|CS|TAMS 0x00000000fd300000| PB 0x00000000fd300000| Complete 
| 468|0x00000000fd400000, 0x00000000fd500000, 0x00000000fd500000|100%| E|CS|TAMS 0x00000000fd400000| PB 0x00000000fd400000| Complete 
| 469|0x00000000fd500000, 0x00000000fd600000, 0x00000000fd600000|100%| E|CS|TAMS 0x00000000fd500000| PB 0x00000000fd500000| Complete 
| 470|0x00000000fd600000, 0x00000000fd700000, 0x00000000fd700000|100%| E|CS|TAMS 0x00000000fd600000| PB 0x00000000fd600000| Complete 
| 471|0x00000000fd700000, 0x00000000fd800000, 0x00000000fd800000|100%| E|CS|TAMS 0x00000000fd700000| PB 0x00000000fd700000| Complete 
| 472|0x00000000fd800000, 0x00000000fd900000, 0x00000000fd900000|100%| E|  |TAMS 0x00000000fd800000| PB 0x00000000fd800000| Complete 
| 473|0x00000000fd900000, 0x00000000fda00000, 0x00000000fda00000|100%| E|CS|TAMS 0x00000000fd900000| PB 0x00000000fd900000| Complete 
| 474|0x00000000fda00000, 0x00000000fdb00000, 0x00000000fdb00000|100%| E|CS|TAMS 0x00000000fda00000| PB 0x00000000fda00000| Complete 
| 475|0x00000000fdb00000, 0x00000000fdc00000, 0x00000000fdc00000|100%| E|CS|TAMS 0x00000000fdb00000| PB 0x00000000fdb00000| Complete 
| 476|0x00000000fdc00000, 0x00000000fdd00000, 0x00000000fdd00000|100%| E|CS|TAMS 0x00000000fdc00000| PB 0x00000000fdc00000| Complete 
| 477|0x00000000fdd00000, 0x00000000fde00000, 0x00000000fde00000|100%| E|CS|TAMS 0x00000000fdd00000| PB 0x00000000fdd00000| Complete 
| 478|0x00000000fde00000, 0x00000000fdf00000, 0x00000000fdf00000|100%| E|CS|TAMS 0x00000000fde00000| PB 0x00000000fde00000| Complete 
| 479|0x00000000fdf00000, 0x00000000fe000000, 0x00000000fe000000|100%| E|CS|TAMS 0x00000000fdf00000| PB 0x00000000fdf00000| Complete 
| 480|0x00000000fe000000, 0x00000000fe100000, 0x00000000fe100000|100%| E|CS|TAMS 0x00000000fe000000| PB 0x00000000fe000000| Complete 
| 481|0x00000000fe100000, 0x00000000fe200000, 0x00000000fe200000|100%| E|CS|TAMS 0x00000000fe100000| PB 0x00000000fe100000| Complete 
| 482|0x00000000fe200000, 0x00000000fe300000, 0x00000000fe300000|100%| E|CS|TAMS 0x00000000fe200000| PB 0x00000000fe200000| Complete 
| 483|0x00000000fe300000, 0x00000000fe400000, 0x00000000fe400000|100%| E|CS|TAMS 0x00000000fe300000| PB 0x00000000fe300000| Complete 
| 484|0x00000000fe400000, 0x00000000fe500000, 0x00000000fe500000|100%| E|CS|TAMS 0x00000000fe400000| PB 0x00000000fe400000| Complete 
| 485|0x00000000fe500000, 0x00000000fe600000, 0x00000000fe600000|100%| E|CS|TAMS 0x00000000fe500000| PB 0x00000000fe500000| Complete 
| 486|0x00000000fe600000, 0x00000000fe700000, 0x00000000fe700000|100%| E|CS|TAMS 0x00000000fe600000| PB 0x00000000fe600000| Complete 
| 487|0x00000000fe700000, 0x00000000fe800000, 0x00000000fe800000|100%| E|CS|TAMS 0x00000000fe700000| PB 0x00000000fe700000| Complete 
| 488|0x00000000fe800000, 0x00000000fe900000, 0x00000000fe900000|100%| E|CS|TAMS 0x00000000fe800000| PB 0x00000000fe800000| Complete 
| 489|0x00000000fe900000, 0x00000000fea00000, 0x00000000fea00000|100%| E|CS|TAMS 0x00000000fe900000| PB 0x00000000fe900000| Complete 
| 490|0x00000000fea00000, 0x00000000feb00000, 0x00000000feb00000|100%| E|CS|TAMS 0x00000000fea00000| PB 0x00000000fea00000| Complete 
| 491|0x00000000feb00000, 0x00000000fec00000, 0x00000000fec00000|100%| E|CS|TAMS 0x00000000feb00000| PB 0x00000000feb00000| Complete 
| 492|0x00000000fec00000, 0x00000000fed00000, 0x00000000fed00000|100%| E|CS|TAMS 0x00000000fec00000| PB 0x00000000fec00000| Complete 
| 493|0x00000000fed00000, 0x00000000fee00000, 0x00000000fee00000|100%| E|CS|TAMS 0x00000000fed00000| PB 0x00000000fed00000| Complete 
| 494|0x00000000fee00000, 0x00000000fef00000, 0x00000000fef00000|100%| E|CS|TAMS 0x00000000fee00000| PB 0x00000000fee00000| Complete 
| 495|0x00000000fef00000, 0x00000000ff000000, 0x00000000ff000000|100%| E|CS|TAMS 0x00000000fef00000| PB 0x00000000fef00000| Complete 
| 496|0x00000000ff000000, 0x00000000ff100000, 0x00000000ff100000|100%| E|CS|TAMS 0x00000000ff000000| PB 0x00000000ff000000| Complete 
| 497|0x00000000ff100000, 0x00000000ff200000, 0x00000000ff200000|100%| E|CS|TAMS 0x00000000ff100000| PB 0x00000000ff100000| Complete 
| 498|0x00000000ff200000, 0x00000000ff300000, 0x00000000ff300000|100%| E|CS|TAMS 0x00000000ff200000| PB 0x00000000ff200000| Complete 
| 499|0x00000000ff300000, 0x00000000ff400000, 0x00000000ff400000|100%| E|CS|TAMS 0x00000000ff300000| PB 0x00000000ff300000| Complete 
| 500|0x00000000ff400000, 0x00000000ff500000, 0x00000000ff500000|100%| O|  |TAMS 0x00000000ff400000| PB 0x00000000ff400000| Untracked 
| 501|0x00000000ff500000, 0x00000000ff600000, 0x00000000ff600000|100%| E|CS|TAMS 0x00000000ff500000| PB 0x00000000ff500000| Complete 
| 502|0x00000000ff600000, 0x00000000ff700000, 0x00000000ff700000|100%| E|CS|TAMS 0x00000000ff600000| PB 0x00000000ff600000| Complete 
| 503|0x00000000ff700000, 0x00000000ff800000, 0x00000000ff800000|100%| E|CS|TAMS 0x00000000ff700000| PB 0x00000000ff700000| Complete 
| 504|0x00000000ff800000, 0x00000000ff900000, 0x00000000ff900000|100%| E|CS|TAMS 0x00000000ff800000| PB 0x00000000ff800000| Complete 
| 505|0x00000000ff900000, 0x00000000ffa00000, 0x00000000ffa00000|100%| E|CS|TAMS 0x00000000ff900000| PB 0x00000000ff900000| Complete 
| 506|0x00000000ffa00000, 0x00000000ffb00000, 0x00000000ffb00000|100%| E|CS|TAMS 0x00000000ffa00000| PB 0x00000000ffa00000| Complete 
| 507|0x00000000ffb00000, 0x00000000ffc00000, 0x00000000ffc00000|100%| E|CS|TAMS 0x00000000ffb00000| PB 0x00000000ffb00000| Complete 
| 508|0x00000000ffc00000, 0x00000000ffd00000, 0x00000000ffd00000|100%| E|CS|TAMS 0x00000000ffc00000| PB 0x00000000ffc00000| Complete 
| 509|0x00000000ffd00000, 0x00000000ffe00000, 0x00000000ffe00000|100%| E|CS|TAMS 0x00000000ffd00000| PB 0x00000000ffd00000| Complete 
| 510|0x00000000ffe00000, 0x00000000fff00000, 0x00000000fff00000|100%| E|CS|TAMS 0x00000000ffe00000| PB 0x00000000ffe00000| Complete 
| 511|0x00000000fff00000, 0x0000000100000000, 0x0000000100000000|100%| E|CS|TAMS 0x00000000fff00000| PB 0x00000000fff00000| Complete 

Card table byte_map: [0x0000019227da0000,0x0000019227ea0000] _byte_map_base: 0x00000192276a0000

Marking Bits: (CMBitMap*) 0x000001921027cd40
 Bits: [0x0000019227ea0000, 0x00000192286a0000)

Polling page: 0x000001920e030000

Metaspace:

Usage:
  Non-class:     96.97 MB used.
      Class:     13.51 MB used.
       Both:    110.48 MB used.

Virtual space:
  Non-class space:      128.00 MB reserved,      97.81 MB ( 76%) committed,  2 nodes.
      Class space:      320.00 MB reserved,      15.12 MB (  5%) committed,  1 nodes.
             Both:      448.00 MB reserved,     112.94 MB ( 25%) committed. 

Chunk freelists:
   Non-Class:  13.69 MB
       Class:  1.66 MB
        Both:  15.35 MB

MaxMetaspaceSize: 384.00 MB
CompressedClassSpaceSize: 320.00 MB
Initial GC threshold: 21.00 MB
Current GC threshold: 186.69 MB
CDS: on
 - commit_granule_bytes: 65536.
 - commit_granule_words: 8192.
 - virtual_space_node_default_size: 8388608.
 - enlarge_chunks_in_place: 1.
 - use_allocation_guard: 0.


Internal statistics:

num_allocs_failed_limit: 18.
num_arena_births: 5772.
num_arena_deaths: 3100.
num_vsnodes_births: 3.
num_vsnodes_deaths: 0.
num_space_committed: 1807.
num_space_uncommitted: 0.
num_chunks_returned_to_freelist: 3540.
num_chunks_taken_from_freelist: 11789.
num_chunk_merges: 1235.
num_chunk_splits: 6927.
num_chunks_enlarged: 4295.
num_inconsistent_stats: 0.

CodeHeap 'non-profiled nmethods': size=120000Kb used=12312Kb max_used=19676Kb free=107687Kb
 bounds [0x0000019220440000, 0x00000192217a0000, 0x0000019227970000]
CodeHeap 'profiled nmethods': size=120000Kb used=26899Kb max_used=51726Kb free=93100Kb
 bounds [0x0000019218970000, 0x000001921bc00000, 0x000001921fea0000]
CodeHeap 'non-nmethods': size=5760Kb used=2078Kb max_used=2172Kb free=3681Kb
 bounds [0x000001921fea0000, 0x0000019220110000, 0x0000019220440000]
CodeCache: size=245760Kb, used=41289Kb, max_used=73574Kb, free=204468Kb
 total_blobs=13973, nmethods=13043, adapters=830, full_count=0
Compilation: enabled, stopped_count=0, restarted_count=0

Compilation events (20 events):
Event: 2938.521 Thread 0x000001922b138360 35197       3       org.gradle.execution.plan.Node::allDependenciesComplete (26 bytes)
Event: 2938.522 Thread 0x000001922b138360 nmethod 35197 0x0000019218bcf710 code [0x0000019218bcf8c0, 0x0000019218bcfa68]
Event: 2938.522 Thread 0x000001922b138360 35195       3       java.lang.Thread::<init> (311 bytes)
Event: 2938.525 Thread 0x000001922b138360 nmethod 35195 0x0000019218bcc910 code [0x0000019218bccd20, 0x0000019218bcece8]
Event: 2938.525 Thread 0x000001922b138360 35196       1       org.gradle.execution.plan.Node::getIndex (5 bytes)
Event: 2938.525 Thread 0x000001922b138360 nmethod 35196 0x00000192208f9410 code [0x00000192208f95a0, 0x00000192208f9668]
Event: 2938.525 Thread 0x000001922b138360 35198       1       org.gradle.execution.plan.Node::isPriority (2 bytes)
Event: 2938.525 Thread 0x000001922b138360 nmethod 35198 0x00000192208f9110 code [0x00000192208f92a0, 0x00000192208f9368]
Event: 2938.527 Thread 0x000001922b138360 35199       3       org.gradle.api.internal.tasks.properties.AbstractPropertySpec::compareTo (9 bytes)
Event: 2938.527 Thread 0x000001922b138360 nmethod 35199 0x0000019218bcc090 code [0x0000019218bcc280, 0x0000019218bcc758]
Event: 2938.527 Thread 0x000001922b138360 35200       3       org.gradle.api.internal.tasks.properties.AbstractPropertySpec::compareTo (14 bytes)
Event: 2938.528 Thread 0x000001922b138360 nmethod 35200 0x0000019218bcba90 code [0x0000019218bcbc60, 0x0000019218bcbf48]
Event: 2938.528 Thread 0x000001922b138360 35201       1       org.gradle.api.internal.tasks.properties.AbstractPropertySpec::getPropertyName (5 bytes)
Event: 2938.528 Thread 0x000001922b138360 nmethod 35201 0x00000192208f8e10 code [0x00000192208f8fa0, 0x00000192208f9068]
Event: 2938.529 Thread 0x000001922b138360 35202       3       org.gradle.api.internal.file.DefaultFileCollectionFactory::resolving (33 bytes)
Event: 2938.529 Thread 0x000001922b138360 nmethod 35202 0x0000019218bcb090 code [0x0000019218bcb2a0, 0x0000019218bcb8c0]
Event: 2938.529 Thread 0x000001922b138360 35204       3       com.google.common.collect.ImmutableSortedSet$Builder::add (79 bytes)
Event: 2938.530 Thread 0x000001922b138360 nmethod 35204 0x0000019218bca290 code [0x0000019218bca4e0, 0x0000019218bcad60]
Event: 2938.530 Thread 0x000001922b138360 35203       3       org.gradle.api.internal.tasks.properties.DefaultValidatingProperty::<init> (10 bytes)
Event: 2938.531 Thread 0x000001922b138360 nmethod 35203 0x0000019218bc9d10 code [0x0000019218bc9ec0, 0x0000019218bca1a0]

GC Heap History (20 events):
Event: 1256.516 GC heap before
{Heap before GC invocations=70 (full 1):
 garbage-first heap   total 524288K, used 444382K [0x00000000e0000000, 0x0000000100000000)
  region size 1024K, 136 young (139264K), 5 survivors (5120K)
 Metaspace       used 110757K, committed 114176K, reserved 458752K
  class space    used 13576K, committed 15488K, reserved 327680K
}
Event: 1256.534 GC heap after
{Heap after GC invocations=71 (full 1):
 garbage-first heap   total 524288K, used 335971K [0x00000000e0000000, 0x0000000100000000)
  region size 1024K, 17 young (17408K), 17 survivors (17408K)
 Metaspace       used 110757K, committed 114176K, reserved 458752K
  class space    used 13576K, committed 15488K, reserved 327680K
}
Event: 1256.980 GC heap before
{Heap before GC invocations=71 (full 1):
 garbage-first heap   total 524288K, used 450659K [0x00000000e0000000, 0x0000000100000000)
  region size 1024K, 130 young (133120K), 17 survivors (17408K)
 Metaspace       used 110837K, committed 114176K, reserved 458752K
  class space    used 13576K, committed 15488K, reserved 327680K
}
Event: 1257.007 GC heap after
{Heap after GC invocations=72 (full 1):
 garbage-first heap   total 524288K, used 382763K [0x00000000e0000000, 0x0000000100000000)
  region size 1024K, 17 young (17408K), 17 survivors (17408K)
 Metaspace       used 110837K, committed 114176K, reserved 458752K
  class space    used 13576K, committed 15488K, reserved 327680K
}
Event: 1257.563 GC heap before
{Heap before GC invocations=72 (full 1):
 garbage-first heap   total 524288K, used 465707K [0x00000000e0000000, 0x0000000100000000)
  region size 1024K, 98 young (100352K), 17 survivors (17408K)
 Metaspace       used 110843K, committed 114176K, reserved 458752K
  class space    used 13576K, committed 15488K, reserved 327680K
}
Event: 1257.583 GC heap after
{Heap after GC invocations=73 (full 1):
 garbage-first heap   total 524288K, used 393421K [0x00000000e0000000, 0x0000000100000000)
  region size 1024K, 10 young (10240K), 10 survivors (10240K)
 Metaspace       used 110843K, committed 114176K, reserved 458752K
  class space    used 13576K, committed 15488K, reserved 327680K
}
Event: 1258.654 GC heap before
{Heap before GC invocations=74 (full 1):
 garbage-first heap   total 524288K, used 473293K [0x00000000e0000000, 0x0000000100000000)
  region size 1024K, 89 young (91136K), 10 survivors (10240K)
 Metaspace       used 110853K, committed 114176K, reserved 458752K
  class space    used 13576K, committed 15488K, reserved 327680K
}
Event: 1258.667 GC heap after
{Heap after GC invocations=75 (full 1):
 garbage-first heap   total 524288K, used 398672K [0x00000000e0000000, 0x0000000100000000)
  region size 1024K, 5 young (5120K), 5 survivors (5120K)
 Metaspace       used 110853K, committed 114176K, reserved 458752K
  class space    used 13576K, committed 15488K, reserved 327680K
}
Event: 1259.814 GC heap before
{Heap before GC invocations=75 (full 1):
 garbage-first heap   total 524288K, used 479568K [0x00000000e0000000, 0x0000000100000000)
  region size 1024K, 85 young (87040K), 5 survivors (5120K)
 Metaspace       used 110925K, committed 114176K, reserved 458752K
  class space    used 13581K, committed 15488K, reserved 327680K
}
Event: 1259.829 GC heap after
{Heap after GC invocations=76 (full 1):
 garbage-first heap   total 524288K, used 406436K [0x00000000e0000000, 0x0000000100000000)
  region size 1024K, 11 young (11264K), 11 survivors (11264K)
 Metaspace       used 110925K, committed 114176K, reserved 458752K
  class space    used 13581K, committed 15488K, reserved 327680K
}
Event: 1262.022 GC heap before
{Heap before GC invocations=76 (full 1):
 garbage-first heap   total 524288K, used 485284K [0x00000000e0000000, 0x0000000100000000)
  region size 1024K, 89 young (91136K), 11 survivors (11264K)
 Metaspace       used 111073K, committed 114240K, reserved 458752K
  class space    used 13581K, committed 15488K, reserved 327680K
}
Event: 1262.040 GC heap after
{Heap after GC invocations=77 (full 1):
 garbage-first heap   total 524288K, used 419181K [0x00000000e0000000, 0x0000000100000000)
  region size 1024K, 12 young (12288K), 12 survivors (12288K)
 Metaspace       used 111073K, committed 114240K, reserved 458752K
  class space    used 13581K, committed 15488K, reserved 327680K
}
Event: 1263.782 GC heap before
{Heap before GC invocations=78 (full 1):
 garbage-first heap   total 524288K, used 486765K [0x00000000e0000000, 0x0000000100000000)
  region size 1024K, 82 young (83968K), 12 survivors (12288K)
 Metaspace       used 111340K, committed 114304K, reserved 458752K
  class space    used 13581K, committed 15488K, reserved 327680K
}
Event: 1263.797 GC heap after
{Heap after GC invocations=79 (full 1):
 garbage-first heap   total 524288K, used 425860K [0x00000000e0000000, 0x0000000100000000)
  region size 1024K, 11 young (11264K), 11 survivors (11264K)
 Metaspace       used 111340K, committed 114304K, reserved 458752K
  class space    used 13581K, committed 15488K, reserved 327680K
}
Event: 1265.146 GC heap before
{Heap before GC invocations=79 (full 1):
 garbage-first heap   total 524288K, used 491396K [0x00000000e0000000, 0x0000000100000000)
  region size 1024K, 75 young (76800K), 11 survivors (11264K)
 Metaspace       used 111534K, committed 114432K, reserved 458752K
  class space    used 13581K, committed 15488K, reserved 327680K
}
Event: 1265.163 GC heap after
{Heap after GC invocations=80 (full 1):
 garbage-first heap   total 524288K, used 433918K [0x00000000e0000000, 0x0000000100000000)
  region size 1024K, 10 young (10240K), 10 survivors (10240K)
 Metaspace       used 111534K, committed 114432K, reserved 458752K
  class space    used 13581K, committed 15488K, reserved 327680K
}
Event: 1275.984 GC heap before
{Heap before GC invocations=80 (full 1):
 garbage-first heap   total 524288K, used 494334K [0x00000000e0000000, 0x0000000100000000)
  region size 1024K, 69 young (70656K), 10 survivors (10240K)
 Metaspace       used 111781K, committed 114688K, reserved 458752K
  class space    used 13581K, committed 15488K, reserved 327680K
}
Event: 1276.013 GC heap after
{Heap after GC invocations=81 (full 1):
 garbage-first heap   total 524288K, used 443927K [0x00000000e0000000, 0x0000000100000000)
  region size 1024K, 9 young (9216K), 9 survivors (9216K)
 Metaspace       used 111781K, committed 114688K, reserved 458752K
  class space    used 13581K, committed 15488K, reserved 327680K
}
Event: 2933.305 GC heap before
{Heap before GC invocations=82 (full 1):
 garbage-first heap   total 524288K, used 372247K [0x00000000e0000000, 0x0000000100000000)
  region size 1024K, 59 young (60416K), 9 survivors (9216K)
 Metaspace       used 112123K, committed 114752K, reserved 458752K
  class space    used 13633K, committed 15488K, reserved 327680K
}
Event: 2933.325 GC heap after
{Heap after GC invocations=83 (full 1):
 garbage-first heap   total 524288K, used 322101K [0x00000000e0000000, 0x0000000100000000)
  region size 1024K, 2 young (2048K), 2 survivors (2048K)
 Metaspace       used 112123K, committed 114752K, reserved 458752K
  class space    used 13633K, committed 15488K, reserved 327680K
}

Dll operation events (20 events):
Event: 0.165 Attempting to load shared library C:\Program Files\Eclipse Adoptium\jdk-21.0.12.8-hotspot\bin\nio.dll
Event: 0.165 Loaded shared library C:\Program Files\Eclipse Adoptium\jdk-21.0.12.8-hotspot\bin\nio.dll
Event: 0.170 Attempting to load shared library C:\Program Files\Eclipse Adoptium\jdk-21.0.12.8-hotspot\bin\zip.dll
Event: 0.170 Loaded shared library C:\Program Files\Eclipse Adoptium\jdk-21.0.12.8-hotspot\bin\zip.dll
Event: 0.351 Attempting to load shared library C:\Program Files\Eclipse Adoptium\jdk-21.0.12.8-hotspot\bin\jimage.dll
Event: 0.351 Loaded shared library C:\Program Files\Eclipse Adoptium\jdk-21.0.12.8-hotspot\bin\jimage.dll
Event: 0.571 Attempting to load shared library C:\Program Files\Eclipse Adoptium\jdk-21.0.12.8-hotspot\bin\verify.dll
Event: 0.572 Loaded shared library C:\Program Files\Eclipse Adoptium\jdk-21.0.12.8-hotspot\bin\verify.dll
Event: 0.604 Attempting to load shared library C:\Users\feder\.gradle\native\660c5614fbf4a5f2a75b1949f50a0caf5cd603558e7d8a26e50b933a0cfb79d1\windows-amd64\native-platform.dll
Event: 0.604 Loaded shared library C:\Users\feder\.gradle\native\660c5614fbf4a5f2a75b1949f50a0caf5cd603558e7d8a26e50b933a0cfb79d1\windows-amd64\native-platform.dll
Event: 0.621 Attempting to load shared library C:\Users\feder\.gradle\native\0.2.8\x86_64-windows-gnu\gradle-fileevents.dll
Event: 0.628 Loaded shared library C:\Users\feder\.gradle\native\0.2.8\x86_64-windows-gnu\gradle-fileevents.dll
Event: 1.736 Attempting to load shared library C:\Program Files\Eclipse Adoptium\jdk-21.0.12.8-hotspot\bin\management.dll
Event: 1.737 Loaded shared library C:\Program Files\Eclipse Adoptium\jdk-21.0.12.8-hotspot\bin\management.dll
Event: 1.739 Attempting to load shared library C:\Program Files\Eclipse Adoptium\jdk-21.0.12.8-hotspot\bin\management_ext.dll
Event: 1.739 Loaded shared library C:\Program Files\Eclipse Adoptium\jdk-21.0.12.8-hotspot\bin\management_ext.dll
Event: 1.890 Attempting to load shared library C:\Program Files\Eclipse Adoptium\jdk-21.0.12.8-hotspot\bin\extnet.dll
Event: 1.891 Loaded shared library C:\Program Files\Eclipse Adoptium\jdk-21.0.12.8-hotspot\bin\extnet.dll
Event: 2.198 Attempting to load shared library C:\Program Files\Eclipse Adoptium\jdk-21.0.12.8-hotspot\bin\sunmscapi.dll
Event: 2.201 Loaded shared library C:\Program Files\Eclipse Adoptium\jdk-21.0.12.8-hotspot\bin\sunmscapi.dll

Deoptimization events (20 events):
Event: 1281.476 Thread 0x0000019251e92270 DEOPT PACKING pc=0x0000019219b8c9ac sp=0x0000002dc64fe3f0
Event: 1281.476 Thread 0x0000019251e92270 DEOPT UNPACKING pc=0x000001921fef4bc2 sp=0x0000002dc64fd890 mode 0
Event: 1281.477 Thread 0x0000019251e92270 DEOPT PACKING pc=0x0000019219b8c9ac sp=0x0000002dc64fe3f0
Event: 1281.477 Thread 0x0000019251e92270 DEOPT UNPACKING pc=0x000001921fef4bc2 sp=0x0000002dc64fd890 mode 0
Event: 1284.249 Thread 0x000001924b40ef20 Uncommon trap: trap_request=0xffffff45 fr.pc=0x0000019220afd39c relative=0x00000000000001dc
Event: 1284.249 Thread 0x000001924b40ef20 Uncommon trap: reason=unstable_if action=reinterpret pc=0x0000019220afd39c method=com.esotericsoftware.kryo.io.Input.require(I)I @ 180 c2
Event: 1284.249 Thread 0x000001924b40ef20 DEOPT PACKING pc=0x0000019220afd39c sp=0x0000002dc12fecb0
Event: 1284.249 Thread 0x000001924b40ef20 DEOPT UNPACKING pc=0x000001921fef4422 sp=0x0000002dc12fec68 mode 2
Event: 2933.213 Thread 0x000001924ada3020 DEOPT PACKING pc=0x000001921a83c705 sp=0x0000002dc2ffc000
Event: 2933.213 Thread 0x000001924ada3020 DEOPT UNPACKING pc=0x000001921fef4bc2 sp=0x0000002dc2ffb500 mode 0
Event: 2933.445 Thread 0x000001924ada3020 DEOPT PACKING pc=0x0000019219f5812a sp=0x0000002dc2ffb890
Event: 2933.445 Thread 0x000001924ada3020 DEOPT UNPACKING pc=0x000001921fef4bc2 sp=0x0000002dc2ffad10 mode 0
Event: 2935.718 Thread 0x000001924ada3020 DEOPT PACKING pc=0x000001921adca13a sp=0x0000002dc2ff8b10
Event: 2935.718 Thread 0x000001924ada3020 DEOPT UNPACKING pc=0x000001921fef4bc2 sp=0x0000002dc2ff7fc8 mode 0
Event: 2936.565 Thread 0x000001924ada3020 DEOPT PACKING pc=0x000001921ad31758 sp=0x0000002dc2ff6870
Event: 2936.565 Thread 0x000001924ada3020 DEOPT UNPACKING pc=0x000001921fef4bc2 sp=0x0000002dc2ff5d90 mode 0
Event: 2936.610 Thread 0x000001924ada3020 DEOPT PACKING pc=0x000001921a239978 sp=0x0000002dc2ff6700
Event: 2936.610 Thread 0x000001924ada3020 DEOPT UNPACKING pc=0x000001921fef4bc2 sp=0x0000002dc2ff5c60 mode 0
Event: 2936.662 Thread 0x000001924ada3020 DEOPT PACKING pc=0x00000192195da3f0 sp=0x0000002dc2ff66a0
Event: 2936.662 Thread 0x000001924ada3020 DEOPT UNPACKING pc=0x000001921fef4bc2 sp=0x0000002dc2ff5bb0 mode 0

Classes loaded (20 events):
Event: 126.220 Loading class java/util/zip/ZipOutputStream$XEntry
Event: 126.220 Loading class java/util/zip/ZipOutputStream$XEntry done
Event: 126.250 Loading class sun/util/ResourceBundleEnumeration
Event: 126.250 Loading class sun/util/ResourceBundleEnumeration done
Event: 126.342 Loading class java/lang/AbstractMethodError
Event: 126.342 Loading class java/lang/AbstractMethodError done
Event: 126.971 Loading class java/lang/ExceptionInInitializerError
Event: 126.972 Loading class java/lang/ExceptionInInitializerError done
Event: 128.524 Loading class java/util/zip/ZipFile$ZipEntryIterator
Event: 128.525 Loading class java/util/zip/ZipFile$ZipEntryIterator done
Event: 130.604 Loading class java/util/stream/ReduceOps$4
Event: 130.604 Loading class java/util/stream/ReduceOps$4 done
Event: 130.604 Loading class java/util/stream/ReduceOps$4ReducingSink
Event: 130.604 Loading class java/util/stream/ReduceOps$4ReducingSink done
Event: 134.233 Loading class java/util/Hashtable$ValueCollection
Event: 134.234 Loading class java/util/Hashtable$ValueCollection done
Event: 134.605 Loading class java/util/concurrent/ConcurrentHashMap$TreeNode
Event: 134.613 Loading class java/util/concurrent/ConcurrentHashMap$TreeNode done
Event: 134.613 Loading class java/util/concurrent/ConcurrentHashMap$TreeBin
Event: 134.614 Loading class java/util/concurrent/ConcurrentHashMap$TreeBin done

Classes unloaded (20 events):
Event: 1255.039 Thread 0x000001922b0f8510 Unloading class 0x000001922d610c00 'java/lang/invoke/LambdaForm$MH+0x000001922d610c00'
Event: 1255.039 Thread 0x000001922b0f8510 Unloading class 0x000001922d610800 'java/lang/invoke/LambdaForm$MH+0x000001922d610800'
Event: 1255.039 Thread 0x000001922b0f8510 Unloading class 0x000001922d610400 'java/lang/invoke/LambdaForm$MH+0x000001922d610400'
Event: 1255.039 Thread 0x000001922b0f8510 Unloading class 0x000001922d600400 'java/lang/invoke/LambdaForm$MH+0x000001922d600400'
Event: 1255.039 Thread 0x000001922b0f8510 Unloading class 0x000001922d600000 'java/lang/invoke/LambdaForm$MH+0x000001922d600000'
Event: 1255.039 Thread 0x000001922b0f8510 Unloading class 0x000001922d5ffc00 'java/lang/invoke/LambdaForm$MH+0x000001922d5ffc00'
Event: 1255.039 Thread 0x000001922b0f8510 Unloading class 0x000001922d5ff800 'java/lang/invoke/LambdaForm$MH+0x000001922d5ff800'
Event: 1255.039 Thread 0x000001922b0f8510 Unloading class 0x000001922d5ff400 'java/lang/invoke/LambdaForm$MH+0x000001922d5ff400'
Event: 1255.039 Thread 0x000001922b0f8510 Unloading class 0x000001922d5ff000 'java/lang/invoke/LambdaForm$MH+0x000001922d5ff000'
Event: 1255.039 Thread 0x000001922b0f8510 Unloading class 0x000001922d5fec00 'java/lang/invoke/LambdaForm$MH+0x000001922d5fec00'
Event: 1255.039 Thread 0x000001922b0f8510 Unloading class 0x000001922d5fdc00 'java/lang/invoke/LambdaForm$MH+0x000001922d5fdc00'
Event: 1255.039 Thread 0x000001922b0f8510 Unloading class 0x000001922d5fd800 'java/lang/invoke/LambdaForm$MH+0x000001922d5fd800'
Event: 1255.039 Thread 0x000001922b0f8510 Unloading class 0x000001922d5fd400 'java/lang/invoke/LambdaForm$MH+0x000001922d5fd400'
Event: 1255.039 Thread 0x000001922b0f8510 Unloading class 0x000001922d5fd000 'java/lang/invoke/LambdaForm$MH+0x000001922d5fd000'
Event: 1255.039 Thread 0x000001922b0f8510 Unloading class 0x000001922d5fcc00 'java/lang/invoke/LambdaForm$MH+0x000001922d5fcc00'
Event: 1255.039 Thread 0x000001922b0f8510 Unloading class 0x000001922d5fc400 'java/lang/invoke/LambdaForm$MH+0x000001922d5fc400'
Event: 1255.039 Thread 0x000001922b0f8510 Unloading class 0x000001922d5fbc00 'java/lang/invoke/LambdaForm$MH+0x000001922d5fbc00'
Event: 1255.040 Thread 0x000001922b0f8510 Unloading class 0x000001922d03d800 'java/lang/invoke/LambdaForm$MH+0x000001922d03d800'
Event: 1255.040 Thread 0x000001922b0f8510 Unloading class 0x000001922d01c400 'java/lang/invoke/LambdaForm$MH+0x000001922d01c400'
Event: 1255.040 Thread 0x000001922b0f8510 Unloading class 0x000001922d000400 'java/lang/invoke/LambdaForm$MH+0x000001922d000400'

Classes redefined (0 events):
No events

Internal exceptions (20 events):
Event: 1274.916 Thread 0x000001924ba8bd80 Exception <a 'sun/nio/fs/WindowsException'{0x00000000fcb5f600}> (0x00000000fcb5f600) 
thrown [s\src\hotspot\share\prims\jni.cpp, line 520]
Event: 1281.554 Thread 0x000001924b412a30 Exception <a 'sun/nio/fs/WindowsException'{0x00000000ffa2daa8}> (0x00000000ffa2daa8) 
thrown [s\src\hotspot\share\prims\jni.cpp, line 520]
Event: 1284.620 Thread 0x0000019246999d30 Exception <a 'sun/nio/fs/WindowsException'{0x00000000ff5759c8}> (0x00000000ff5759c8) 
thrown [s\src\hotspot\share\prims\jni.cpp, line 520]
Event: 2933.380 Thread 0x000001924ada3020 Exception <a 'java/lang/NoSuchMethodError'{0x00000000fff15a88}: 'java.lang.Object java.lang.invoke.DelegatingMethodHandle$Holder.reinvoke_L(java.lang.Object, java.lang.Object, java.lang.Object, java.lang.Object, java.lang.Object, java.lang.Object, java.lang.Object, java.lang.Object, java.lang.Object, java.lang.Object, java.lang.Object, java.lang.Object, java.lang.Object, java.lang.Object, java.lang.Object, java.lang.Object, java.lang.Object, java.lang.Object, java.lang.Object, java.lang.Object, java.lang.O
Event: 2933.438 Thread 0x000001924ada3020 Exception <a 'java/lang/NoSuchMethodError'{0x00000000ffea93d8}: 'java.lang.Object java.lang.invoke.DirectMethodHandle$Holder.newInvokeSpecial(java.lang.Object, java.lang.Object, java.lang.Object, java.lang.Object, java.lang.Object, java.lang.Object, java.lang.Object, java.lang.Object, java.lang.Object, java.lang.Object, java.lang.Object, java.lang.Object, java.lang.Object, java.lang.Object, java.lang.Object)'> (0x00000000ffea93d8) 
thrown [s\src\hotspot\share\interpreter\linkResolver.cpp, line 773]
Event: 2933.439 Thread 0x000001924ada3020 Exception <a 'java/lang/NoSuchMethodError'{0x00000000ffeaec30}: 'java.lang.Object java.lang.invoke.DelegatingMethodHandle$Holder.reinvoke_L(java.lang.Object, java.lang.Object, java.lang.Object, java.lang.Object, java.lang.Object, java.lang.Object, java.lang.Object, java.lang.Object, java.lang.Object, java.lang.Object, java.lang.Object, java.lang.Object, java.lang.Object, java.lang.Object, java.lang.Object)'> (0x00000000ffeaec30) 
thrown [s\src\hotspot\share\interpreter\linkResolver.cpp, line 773]
Event: 2933.625 Thread 0x000001924ada3020 Exception <a 'java/lang/NoSuchMethodError'{0x00000000ffbc7950}: 'java.lang.Object java.lang.invoke.DirectMethodHandle$Holder.newInvokeSpecial(java.lang.Object, java.lang.Object, java.lang.Object, java.lang.Object, java.lang.Object, java.lang.Object, java.lang.Object, java.lang.Object, java.lang.Object, java.lang.Object, java.lang.Object, java.lang.Object, java.lang.Object, java.lang.Object, java.lang.Object, java.lang.Object, java.lang.Object, java.lang.Object, java.lang.Object, java.lang.Object, java.lang
Event: 2933.626 Thread 0x000001924ada3020 Exception <a 'java/lang/NoSuchMethodError'{0x00000000ffbcf778}: 'java.lang.Object java.lang.invoke.DelegatingMethodHandle$Holder.reinvoke_L(java.lang.Object, java.lang.Object, java.lang.Object, java.lang.Object, java.lang.Object, java.lang.Object, java.lang.Object, java.lang.Object, java.lang.Object, java.lang.Object, java.lang.Object, java.lang.Object, java.lang.Object, java.lang.Object, java.lang.Object, java.lang.Object, java.lang.Object, java.lang.Object, java.lang.Object, java.lang.Object, java.lang.O
Event: 2933.672 Thread 0x000001924ada3020 Exception <a 'sun/nio/fs/WindowsException'{0x00000000ff9748d8}> (0x00000000ff9748d8) 
thrown [s\src\hotspot\share\prims\jni.cpp, line 520]
Event: 2933.674 Thread 0x000001924ada3020 Exception <a 'sun/nio/fs/WindowsException'{0x00000000ff975d90}> (0x00000000ff975d90) 
thrown [s\src\hotspot\share\prims\jni.cpp, line 520]
Event: 2933.675 Thread 0x000001924ada3020 Exception <a 'sun/nio/fs/WindowsException'{0x00000000ff977238}> (0x00000000ff977238) 
thrown [s\src\hotspot\share\prims\jni.cpp, line 520]
Event: 2933.677 Thread 0x000001924ada3020 Exception <a 'sun/nio/fs/WindowsException'{0x00000000ff9786c0}> (0x00000000ff9786c0) 
thrown [s\src\hotspot\share\prims\jni.cpp, line 520]
Event: 2933.930 Thread 0x000001924ada3020 Exception <a 'java/lang/NoSuchMethodError'{0x00000000ff63dd58}: 'void java.lang.invoke.DirectMethodHandle$Holder.invokeVirtual(java.lang.Object, java.lang.Object, int, java.lang.Object)'> (0x00000000ff63dd58) 
thrown [s\src\hotspot\share\interpreter\linkResolver.cpp, line 773]
Event: 2933.930 Thread 0x000001924ada3020 Exception <a 'java/lang/NoSuchMethodError'{0x00000000ff642490}: 'void java.lang.invoke.DelegatingMethodHandle$Holder.reinvoke_L(java.lang.Object, java.lang.Object, int, java.lang.Object)'> (0x00000000ff642490) 
thrown [s\src\hotspot\share\interpreter\linkResolver.cpp, line 773]
Event: 2933.944 Thread 0x000001924ada3020 Exception <a 'java/lang/NoSuchMethodError'{0x00000000ff68f4e8}: 'java.lang.Object java.lang.invoke.DelegatingMethodHandle$Holder.delegate(java.lang.Object, java.lang.Object, java.lang.Object, java.lang.Object, int)'> (0x00000000ff68f4e8) 
thrown [s\src\hotspot\share\interpreter\linkResolver.cpp, line 773]
Event: 2933.958 Thread 0x000001924ada3020 Exception <a 'java/lang/NoSuchMethodError'{0x00000000ff6d2170}: 'java.lang.Object java.lang.invoke.DirectMethodHandle$Holder.invokeVirtual(java.lang.Object, java.lang.Object, java.lang.Object, int)'> (0x00000000ff6d2170) 
thrown [s\src\hotspot\share\interpreter\linkResolver.cpp, line 773]
Event: 2934.510 Thread 0x000001924ada3020 Exception <a 'java/lang/NoSuchMethodError'{0x00000000fee189c8}: 'java.lang.Object java.lang.invoke.DelegatingMethodHandle$Holder.reinvoke_L(java.lang.Object, java.lang.Object, java.lang.Object, java.lang.Object, java.lang.Object, java.lang.Object, java.lang.Object, java.lang.Object, java.lang.Object, java.lang.Object, java.lang.Object, java.lang.Object, java.lang.Object, java.lang.Object, java.lang.Object, java.lang.Object)'> (0x00000000fee189c8) 
thrown [s\src\hotspot\share\interpreter\linkResolver.cpp, l
Event: 2935.670 Thread 0x000001924ada3020 Exception <a 'java/lang/ClassNotFoundException'{0x00000000fda2a280}: groovy/runtime/metaclass/[BMetaClass> (0x00000000fda2a280) 
thrown [s\src\hotspot\share\prims\jni.cpp, line 539]
Event: 2935.676 Thread 0x000001924ada3020 Exception <a 'java/lang/NoSuchMethodError'{0x00000000fda4aab8}: 'java.lang.Object java.lang.invoke.DelegatingMethodHandle$Holder.delegate(java.lang.Object, java.lang.Object, java.lang.Object, int, int)'> (0x00000000fda4aab8) 
thrown [s\src\hotspot\share\interpreter\linkResolver.cpp, line 773]
Event: 2935.748 Thread 0x000001924ada3020 Exception <a 'sun/nio/fs/WindowsException'{0x00000000fd8f54d0}> (0x00000000fd8f54d0) 
thrown [s\src\hotspot\share\prims\jni.cpp, line 520]

ZGC Phase Switch (0 events):
No events

VM Operations (20 events):
Event: 2934.108 Executing safepoint VM operation: ICBufferFull
Event: 2934.108 Executing safepoint VM operation: ICBufferFull done
Event: 2934.344 Executing safepoint VM operation: ICBufferFull
Event: 2934.344 Executing safepoint VM operation: ICBufferFull done
Event: 2934.538 Executing safepoint VM operation: ICBufferFull
Event: 2934.538 Executing safepoint VM operation: ICBufferFull done
Event: 2934.928 Executing safepoint VM operation: ICBufferFull
Event: 2934.929 Executing safepoint VM operation: ICBufferFull done
Event: 2935.943 Executing safepoint VM operation: Cleanup
Event: 2935.943 Executing safepoint VM operation: Cleanup done
Event: 2936.543 Executing safepoint VM operation: ICBufferFull
Event: 2936.543 Executing safepoint VM operation: ICBufferFull done
Event: 2936.783 Executing safepoint VM operation: ICBufferFull
Event: 2936.783 Executing safepoint VM operation: ICBufferFull done
Event: 2937.387 Executing safepoint VM operation: ICBufferFull
Event: 2937.387 Executing safepoint VM operation: ICBufferFull done
Event: 2938.073 Executing safepoint VM operation: ICBufferFull
Event: 2938.073 Executing safepoint VM operation: ICBufferFull done
Event: 2938.418 Executing safepoint VM operation: ICBufferFull
Event: 2938.418 Executing safepoint VM operation: ICBufferFull done

Memory protections (0 events):
No events

Nmethod flushes (20 events):
Event: 1276.489 Thread 0x000001922b0f8510 flushing  nmethod 0x0000019218974d90
Event: 1276.489 Thread 0x000001922b0f8510 flushing  nmethod 0x0000019218975190
Event: 1276.489 Thread 0x000001922b0f8510 flushing  nmethod 0x0000019218ac8890
Event: 1276.489 Thread 0x000001922b0f8510 flushing  nmethod 0x0000019218ae2710
Event: 1276.489 Thread 0x000001922b0f8510 flushing  nmethod 0x0000019218b4f810
Event: 1276.489 Thread 0x000001922b0f8510 flushing  nmethod 0x0000019218d4b190
Event: 1276.489 Thread 0x000001922b0f8510 flushing  nmethod 0x0000019219d0d490
Event: 1276.489 Thread 0x000001922b0f8510 flushing  nmethod 0x0000019219f6b610
Event: 1276.489 Thread 0x000001922b0f8510 flushing  nmethod 0x000001921a01e010
Event: 1276.489 Thread 0x000001922b0f8510 flushing  nmethod 0x000001921a022810
Event: 1276.489 Thread 0x000001922b0f8510 flushing  nmethod 0x000001921a03e190
Event: 1276.489 Thread 0x000001922b0f8510 flushing  nmethod 0x000001921a9aee90
Event: 1276.489 Thread 0x000001922b0f8510 flushing  nmethod 0x000001921add0f90
Event: 1276.489 Thread 0x000001922b0f8510 flushing osr nmethod 0x000001921ae47490
Event: 1276.489 Thread 0x000001922b0f8510 flushing  nmethod 0x000001921ae6e890
Event: 1276.489 Thread 0x000001922b0f8510 flushing  nmethod 0x000001921ae6fc90
Event: 1276.489 Thread 0x000001922b0f8510 flushing  nmethod 0x000001921ae70f10
Event: 1276.489 Thread 0x000001922b0f8510 flushing  nmethod 0x000001921af09810
Event: 1276.489 Thread 0x000001922b0f8510 flushing  nmethod 0x000001921af73010
Event: 1276.489 Thread 0x000001922b0f8510 flushing  nmethod 0x000001921b6ba890

Events (20 events):
Event: 2936.772 Thread 0x00000192466ffdc0 Thread added: 0x000001924b86ad80
Event: 2936.773 Thread 0x00000192466ffdc0 Thread added: 0x000001924b86a6f0
Event: 2936.773 Thread 0x00000192466ffdc0 Thread added: 0x000001924b86b410
Event: 2936.774 Thread 0x00000192466ffdc0 Thread added: 0x000001924c8cf750
Event: 2936.774 Thread 0x000001924b86ad80 Thread added: 0x0000019246700ae0
Event: 2936.774 Thread 0x000001924b86b410 Thread added: 0x0000019247f49320
Event: 2936.774 Thread 0x000001924b86a6f0 Thread added: 0x000001924ada2300
Event: 2936.996 Thread 0x000001924aac4870 Thread exited: 0x000001924aac4870
Event: 2937.328 Thread 0x000001922b138360 Thread added: 0x000001922b137c90
Event: 2938.045 Thread 0x000001922b137c90 Thread exited: 0x000001922b137c90
Event: 2938.168 Thread 0x000001922b134420 Thread added: 0x000001922b137c90
Event: 2938.515 Thread 0x000001924ada3020 Thread added: 0x000001924b40fc40
Event: 2938.517 Thread 0x000001924b40fc40 Thread added: 0x000001924b413750
Event: 2938.518 Thread 0x000001924b40fc40 Thread added: 0x000001924b410ff0
Event: 2938.518 Thread 0x000001924b40fc40 Thread added: 0x000001924b415820
Event: 2938.522 Thread 0x000001924b40fc40 Thread added: 0x000001924b416bd0
Event: 2938.522 Thread 0x000001924b40fc40 Thread added: 0x000001924ada2990
Event: 2938.523 Thread 0x000001924b40fc40 Thread added: 0x000001924ada1c70
Event: 2938.523 Thread 0x000001924b40fc40 Thread added: 0x000001924b904c40
Event: 2938.532 Thread 0x000001924b40fc40 Thread added: 0x000001924b415190


Dynamic libraries:
0x00007ff7b7d70000 - 0x00007ff7b7d7e000 	C:\Program Files\Eclipse Adoptium\jdk-21.0.12.8-hotspot\bin\java.exe
0x00007ffba0da0000 - 0x00007ffba1007000 	C:\Windows\SYSTEM32\ntdll.dll
0x00007ffb9f660000 - 0x00007ffb9f72b000 	C:\Windows\System32\KERNEL32.DLL
0x00007ffb9e5f0000 - 0x00007ffb9e9f2000 	C:\Windows\System32\KERNELBASE.dll
0x00007ffb9e1a0000 - 0x00007ffb9e2ec000 	C:\Windows\System32\ucrtbase.dll
0x00007ffb829f0000 - 0x00007ffb82a0e000 	C:\Program Files\Eclipse Adoptium\jdk-21.0.12.8-hotspot\bin\VCRUNTIME140.dll
0x00007ffb8ccb0000 - 0x00007ffb8ccc8000 	C:\Program Files\Eclipse Adoptium\jdk-21.0.12.8-hotspot\bin\jli.dll
0x00007ffb9ee70000 - 0x00007ffb9f03f000 	C:\Windows\System32\USER32.dll
0x00007ffb83040000 - 0x00007ffb832d0000 	C:\Windows\WinSxS\amd64_microsoft.windows.common-controls_6595b64144ccf1df_6.0.26100.9278_none_3e0d1ba8e3303201\COMCTL32.dll
0x00007ffb9e300000 - 0x00007ffb9e327000 	C:\Windows\System32\win32u.dll
0x00007ffb9fdc0000 - 0x00007ffb9fe69000 	C:\Windows\System32\msvcrt.dll
0x00007ffb9f310000 - 0x00007ffb9f33b000 	C:\Windows\System32\GDI32.dll
0x00007ffb9e330000 - 0x00007ffb9e459000 	C:\Windows\System32\gdi32full.dll
0x00007ffb9dfa0000 - 0x00007ffb9e043000 	C:\Windows\System32\msvcp_win.dll
0x00007ffb9f740000 - 0x00007ffb9f771000 	C:\Windows\System32\IMM32.DLL
0x00007ffb98850000 - 0x00007ffb9885c000 	C:\Program Files\Eclipse Adoptium\jdk-21.0.12.8-hotspot\bin\vcruntime140_1.dll
0x00007ffb744f0000 - 0x00007ffb7457d000 	C:\Program Files\Eclipse Adoptium\jdk-21.0.12.8-hotspot\bin\msvcp140.dll
0x00007ffab9ac0000 - 0x00007ffaba862000 	C:\Program Files\Eclipse Adoptium\jdk-21.0.12.8-hotspot\bin\server\jvm.dll
0x00007ffb9fcf0000 - 0x00007ffb9fdac000 	C:\Windows\System32\ADVAPI32.dll
0x00007ffb9f3b0000 - 0x00007ffb9f459000 	C:\Windows\System32\sechost.dll
0x00007ffb9f050000 - 0x00007ffb9f168000 	C:\Windows\System32\RPCRT4.dll
0x00007ffba0ae0000 - 0x00007ffba0b60000 	C:\Windows\System32\WS2_32.dll
0x00007ffb9de20000 - 0x00007ffb9de7e000 	C:\Windows\SYSTEM32\POWRPROF.dll
0x00007ffb84d10000 - 0x00007ffb84d1b000 	C:\Windows\SYSTEM32\VERSION.dll
0x00007ffb93c40000 - 0x00007ffb93c76000 	C:\Windows\SYSTEM32\WINMM.dll
0x00007ffb9de00000 - 0x00007ffb9de15000 	C:\Windows\SYSTEM32\UMPDC.dll
0x00007ffb9cc40000 - 0x00007ffb9cc5b000 	C:\Windows\SYSTEM32\kernel.appcore.dll
0x00007ffb93860000 - 0x00007ffb9386a000 	C:\Program Files\Eclipse Adoptium\jdk-21.0.12.8-hotspot\bin\jimage.dll
0x00007ffb9b1f0000 - 0x00007ffb9b43c000 	C:\Windows\SYSTEM32\DBGHELP.DLL
0x00007ffb9eac0000 - 0x00007ffb9ee45000 	C:\Windows\System32\combase.dll
0x00007ffb9fc10000 - 0x00007ffb9fce9000 	C:\Windows\System32\OLEAUT32.dll
0x00007ffb76820000 - 0x00007ffb7685b000 	C:\Windows\SYSTEM32\dbgcore.DLL
0x00007ffb9ea00000 - 0x00007ffb9eaac000 	C:\Windows\System32\bcryptPrimitives.dll
0x00007ffb78390000 - 0x00007ffb7839f000 	C:\Program Files\Eclipse Adoptium\jdk-21.0.12.8-hotspot\bin\instrument.dll
0x00007ffb82970000 - 0x00007ffb82990000 	C:\Program Files\Eclipse Adoptium\jdk-21.0.12.8-hotspot\bin\java.dll
0x00007ffba0080000 - 0x00007ffba0818000 	C:\Windows\System32\SHELL32.dll
0x00007ffb9b9d0000 - 0x00007ffb9c27e000 	C:\Windows\SYSTEM32\windows.storage.dll
0x00007ffb9f180000 - 0x00007ffb9f27b000 	C:\Windows\System32\SHCORE.dll
0x00007ffba0010000 - 0x00007ffba0076000 	C:\Windows\System32\shlwapi.dll
0x00007ffb9dec0000 - 0x00007ffb9dee9000 	C:\Windows\SYSTEM32\profapi.dll
0x00007ffb5b440000 - 0x00007ffb5b517000 	C:\Program Files\Eclipse Adoptium\jdk-21.0.12.8-hotspot\bin\jsvml.dll
0x00007ffb78640000 - 0x00007ffb78658000 	C:\Program Files\Eclipse Adoptium\jdk-21.0.12.8-hotspot\bin\zip.dll
0x00007ffb8cca0000 - 0x00007ffb8ccb0000 	C:\Program Files\Eclipse Adoptium\jdk-21.0.12.8-hotspot\bin\net.dll
0x00007ffb93b10000 - 0x00007ffb93c3a000 	C:\Windows\SYSTEM32\WINHTTP.dll
0x00007ffb9d210000 - 0x00007ffb9d27c000 	C:\Windows\system32\mswsock.dll
0x00007ffb78920000 - 0x00007ffb78936000 	C:\Program Files\Eclipse Adoptium\jdk-21.0.12.8-hotspot\bin\nio.dll
0x00007ffb8ab90000 - 0x00007ffb8aba0000 	C:\Program Files\Eclipse Adoptium\jdk-21.0.12.8-hotspot\bin\verify.dll
0x00007ffb26f50000 - 0x00007ffb26f77000 	C:\Users\feder\.gradle\native\660c5614fbf4a5f2a75b1949f50a0caf5cd603558e7d8a26e50b933a0cfb79d1\windows-amd64\native-platform.dll
0x00007ffb6a120000 - 0x00007ffb6a197000 	C:\Users\feder\.gradle\native\0.2.8\x86_64-windows-gnu\gradle-fileevents.dll
0x00007ffb829e0000 - 0x00007ffb829ea000 	C:\Program Files\Eclipse Adoptium\jdk-21.0.12.8-hotspot\bin\management.dll
0x00007ffb7b3e0000 - 0x00007ffb7b3ec000 	C:\Program Files\Eclipse Adoptium\jdk-21.0.12.8-hotspot\bin\management_ext.dll
0x00007ffb9f3a0000 - 0x00007ffb9f3a8000 	C:\Windows\System32\PSAPI.DLL
0x00007ffb9c5d0000 - 0x00007ffb9c603000 	C:\Windows\SYSTEM32\IPHLPAPI.DLL
0x00007ffb9f170000 - 0x00007ffb9f17a000 	C:\Windows\System32\NSI.dll
0x00007ffb78630000 - 0x00007ffb78639000 	C:\Program Files\Eclipse Adoptium\jdk-21.0.12.8-hotspot\bin\extnet.dll
0x00007ffb9d520000 - 0x00007ffb9d53b000 	C:\Windows\SYSTEM32\CRYPTSP.dll
0x00007ffb9cba0000 - 0x00007ffb9cbd9000 	C:\Windows\system32\rsaenh.dll
0x00007ffb9d2c0000 - 0x00007ffb9d2f4000 	C:\Windows\SYSTEM32\USERENV.dll
0x00007ffb9de90000 - 0x00007ffb9deba000 	C:\Windows\SYSTEM32\bcrypt.dll
0x00007ffb9d540000 - 0x00007ffb9d54c000 	C:\Windows\SYSTEM32\CRYPTBASE.dll
0x00007ffb78380000 - 0x00007ffb7838e000 	C:\Program Files\Eclipse Adoptium\jdk-21.0.12.8-hotspot\bin\sunmscapi.dll
0x00007ffb9e460000 - 0x00007ffb9e5de000 	C:\Windows\System32\CRYPT32.dll
0x00007ffb9d760000 - 0x00007ffb9d790000 	C:\Windows\SYSTEM32\ncrypt.dll
0x00007ffb9d710000 - 0x00007ffb9d74f000 	C:\Windows\SYSTEM32\NTASN1.dll
0x00007ffb776b0000 - 0x00007ffb776b8000 	C:\Windows\system32\wshunix.dll
0x00007ffb9cd70000 - 0x00007ffb9cda6000 	C:\Windows\SYSTEM32\ntmarta.dll

JVMTI agents:
C:\Users\feder\.gradle\wrapper\dists\gradle-9.6.0-bin\42k10rwplmzkhuboz9kdazi7s\gradle-9.6.0\lib\agents\gradle-instrumentation-agent-9.6.0.jar path:C:\Program Files\Eclipse Adoptium\jdk-21.0.12.8-hotspot\bin\instrument.dll, loaded, initialized, instrumentlib options:none

dbghelp: loaded successfully - version: 4.0.5 - missing functions: none
symbol engine: initialized successfully - sym options: 0x614 - pdb path: .;C:\Program Files\Eclipse Adoptium\jdk-21.0.12.8-hotspot\bin;C:\Windows\SYSTEM32;C:\Windows\WinSxS\amd64_microsoft.windows.common-controls_6595b64144ccf1df_6.0.26100.9278_none_3e0d1ba8e3303201;C:\Program Files\Eclipse Adoptium\jdk-21.0.12.8-hotspot\bin\server;C:\Users\feder\.gradle\native\660c5614fbf4a5f2a75b1949f50a0caf5cd603558e7d8a26e50b933a0cfb79d1\windows-amd64;C:\Users\feder\.gradle\native\0.2.8\x86_64-windows-gnu

VM Arguments:
jvm_args: --add-opens=java.base/java.lang=ALL-UNNAMED --add-opens=java.base/java.lang.invoke=ALL-UNNAMED --add-opens=java.base/java.util=ALL-UNNAMED --add-opens=java.prefs/java.util.prefs=ALL-UNNAMED --add-exports=jdk.compiler/com.sun.tools.javac.api=ALL-UNNAMED --add-exports=jdk.compiler/com.sun.tools.javac.util=ALL-UNNAMED --add-opens=java.base/java.nio.charset=ALL-UNNAMED --add-opens=java.base/java.net=ALL-UNNAMED --add-opens=java.base/java.util.concurrent=ALL-UNNAMED --add-opens=java.base/java.util.concurrent.atomic=ALL-UNNAMED --add-opens=java.xml/javax.xml.namespace=ALL-UNNAMED --add-opens=java.base/java.time=ALL-UNNAMED -XX:MaxMetaspaceSize=384m -XX:+HeapDumpOnOutOfMemoryError -Xms256m -Xmx512m -Dfile.encoding=UTF-8 -Duser.country=AR -Duser.language=es -Duser.variant -javaagent:C:\Users\feder\.gradle\wrapper\dists\gradle-9.6.0-bin\42k10rwplmzkhuboz9kdazi7s\gradle-9.6.0\lib\agents\gradle-instrumentation-agent-9.6.0.jar 
java_command: org.gradle.launcher.daemon.bootstrap.GradleDaemon 9.6.0
java_class_path (initial): C:\Users\feder\.gradle\wrapper\dists\gradle-9.6.0-bin\42k10rwplmzkhuboz9kdazi7s\gradle-9.6.0\lib\gradle-daemon-main-9.6.0.jar
Launcher Type: SUN_STANDARD

[Global flags]
     intx CICompilerCount                          = 4                                         {product} {ergonomic}
   size_t CompressedClassSpaceSize                 = 335544320                                 {product} {ergonomic}
     uint ConcGCThreads                            = 2                                         {product} {ergonomic}
     uint G1ConcRefinementThreads                  = 8                                         {product} {ergonomic}
   size_t G1HeapRegionSize                         = 1048576                                   {product} {ergonomic}
    uintx GCDrainStackTargetSize                   = 64                                        {product} {ergonomic}
     bool HeapDumpOnOutOfMemoryError               = true                                   {manageable} {command line}
   size_t InitialHeapSize                          = 268435456                                 {product} {command line}
   size_t MarkStackSize                            = 4194304                                   {product} {ergonomic}
   size_t MaxHeapSize                              = 536870912                                 {product} {command line}
   size_t MaxMetaspaceSize                         = 402653184                                 {product} {command line}
   size_t MaxNewSize                               = 321912832                                 {product} {ergonomic}
   size_t MinHeapDeltaBytes                        = 1048576                                   {product} {ergonomic}
   size_t MinHeapSize                              = 268435456                                 {product} {command line}
    uintx NonNMethodCodeHeapSize                   = 5839372                                {pd product} {ergonomic}
    uintx NonProfiledCodeHeapSize                  = 122909434                              {pd product} {ergonomic}
    uintx ProfiledCodeHeapSize                     = 122909434                              {pd product} {ergonomic}
    uintx ReservedCodeCacheSize                    = 251658240                              {pd product} {ergonomic}
     bool SegmentedCodeCache                       = true                                      {product} {ergonomic}
   size_t SoftMaxHeapSize                          = 536870912                              {manageable} {ergonomic}
     bool UseCompressedOops                        = true                           {product lp64_product} {ergonomic}
     bool UseG1GC                                  = true                                      {product} {ergonomic}
     bool UseLargePagesIndividualAllocation        = false                                  {pd product} {ergonomic}

Logging:
Log output configuration:
 #0: stdout all=warning uptime,level,tags foldmultilines=false
 #1: stderr all=off uptime,level,tags foldmultilines=false

Release file:
IMPLEMENTOR="Eclipse Adoptium" 
IMPLEMENTOR_VERSION="Temurin-21.0.12+8" 
JAVA_RUNTIME_VERSION="21.0.12+8-LTS" 
JAVA_VERSION="21.0.12" 
JAVA_VERSION_DATE="2026-07-21" 
LIBC="default" 
MODULES="java.base java.compiler java.datatransfer java.xml java.prefs java.desktop java.instrument java.logging java.management java.security.sasl java.naming java.rmi java.management.rmi java.net.http java.scripting java.security.jgss java.transaction.xa java.sql java.sql.rowset java.xml.crypto java.se java.smartcardio jdk.accessibility jdk.internal.jvmstat jdk.attach jdk.charsets jdk.internal.opt jdk.zipfs jdk.compiler jdk.crypto.ec jdk.crypto.cryptoki jdk.crypto.mscapi jdk.dynalink jdk.internal.ed jdk.editpad jdk.hotspot.agent jdk.httpserver jdk.incubator.vector jdk.internal.le jdk.internal.vm.ci jdk.internal.vm.compiler jdk.internal.vm.compiler.management jdk.jartool jdk.javadoc jdk.jcmd jdk.management jdk.management.agent jdk.jconsole jdk.jdeps jdk.jdwp.agent jdk.jdi jdk.jfr jdk.jlink jdk.jpackage jdk.jshell jdk.jsobject jdk.jstatd jdk.localedata jdk.management.jfr jdk.naming.dns jdk.naming.rmi jdk.net jdk.nio.mapmode jdk.random jdk.sctp jdk.security.auth jdk.security.jgss jdk.unsupported jdk.unsupported.desktop jdk.xml.dom" 
OS_ARCH="x86_64" 
OS_NAME="Windows" 
SOURCE=".:git:04806bcb1d50" 
BUILD_SOURCE="git:e6ba7dec3d07654074559310376a3ae89da5f4ac"
BUILD_SOURCE_REPO="https://github.com/adoptium/temurin-build.git"
SOURCE_REPO="https://github.com/adoptium/jdk21u.git"
FULL_VERSION="21.0.12+8-LTS"
SEMANTIC_VERSION="21.0.12+8"
BUILD_INFO="OS: Windows Server 2022 Version: 10.0"
JVM_VARIANT="Hotspot"
JVM_VERSION="21.0.12+8-LTS"
IMAGE_TYPE="JDK"

Environment Variables:
CLASSPATH=C:\mods\femclothes-mod\\gradle\wrapper\gradle-wrapper.jar
PATH=C:\Users\feder\bin;C:\Program Files\Git\mingw64\bin;C:\Program Files\Git\usr\local\bin;C:\Program Files\Git\usr\bin;C:\Program Files\Git\usr\bin;C:\Program Files\Git\mingw64\bin;C:\Program Files\Git\usr\bin;C:\Users\feder\bin;C:\Python314\Scripts;C:\Python314;C:\Program Files\Eclipse Adoptium\jdk-21.0.12.8-hotspot\bin;C:\Windows\system32;C:\Windows;C:\Windows\System32\Wbem;C:\Windows\System32\WindowsPowerShell\v1.0;C:\Windows\System32\OpenSSH;C:\Program Files\dotnet;C:\Program Files\Git\cmd;C:\Program Files\nodejs;C:\ProgramData\chocolatey\bin;C:\Users\feder\AppData\Local\Microsoft\WindowsApps;C:\Users\feder\AppData\Local\Programs\Ollama;C:\Users\feder\AppData\Local\Python\bin;C:\Users\feder\AppData\Local\Python\pythoncore-3.14-64\Scripts;C:\Users\feder\AppData\Local\Programs\Microsoft VS Code\bin;C:\Users\feder\.dotnet\tools;C:\Users\feder\AppData\Local\GitHubDesktop\bin;C:\Users\feder\AppData\Roaming\npm;C:\Users\feder\.lmstudio\bin;C:\Program Files\Git\usr\bin\vendor_perl;C:\Program Files\Git\usr\bin\core_perl
USERNAME=feder
SHELL=C:\Program Files\Git\bin\bash.exe
TERM=xterm-256color
OS=Windows_NT
PROCESSOR_IDENTIFIER=Intel64 Family 6 Model 186 Stepping 3, GenuineIntel
TMP=C:\Users\feder\AppData\Local\Temp
TEMP=C:\Users\feder\AppData\Local\Temp




Periodic native trim disabled

---------------  S Y S T E M  ---------------

OS:
 Windows 11 , 64 bit Build 26100 (10.0.26100.9444)
OS uptime: 7 days 7:21 hours
Hyper-V role detected

CPU: total 8 (initial active 8) (4 cores per cpu, 2 threads per core) family 6 model 186 stepping 3 microcode 0x6134, cx8, cmov, fxsr, ht, mmx, 3dnowpref, sse, sse2, sse3, ssse3, sse4.1, sse4.2, popcnt, lzcnt, tsc, tscinvbit, avx, avx2, aes, erms, clmul, bmi1, bmi2, adx, sha, fma, vzeroupper, clflush, clflushopt, clwb, hv, serialize, rdtscp, rdpid, fsrm, f16c, cet_ibt, cet_ss
Processor Information for processor 0
  Max Mhz: 1200, Current Mhz: 1200, Mhz Limit: 1200
Processor Information for processor 1
  Max Mhz: 1200, Current Mhz: 1200, Mhz Limit: 1200
Processor Information for processor 2
  Max Mhz: 1200, Current Mhz: 1200, Mhz Limit: 1200
Processor Information for processor 3
  Max Mhz: 1200, Current Mhz: 1200, Mhz Limit: 1200
Processor Information for processor 4
  Max Mhz: 1200, Current Mhz: 900, Mhz Limit: 900
Processor Information for processor 5
  Max Mhz: 1200, Current Mhz: 900, Mhz Limit: 900
Processor Information for processor 6
  Max Mhz: 1200, Current Mhz: 900, Mhz Limit: 900
Processor Information for processor 7
  Max Mhz: 1200, Current Mhz: 900, Mhz Limit: 900

Memory: 4k page, system-wide physical 24209M (463M free)
TotalPageFile size 54518M (AvailPageFile size 19M)
current process WorkingSet (physical memory assigned to process): 444M, peak: 937M
current process commit charge ("private bytes"): 937M, peak: 982M

vm_info: OpenJDK 64-Bit Server VM (21.0.12+8-LTS) for windows-amd64 JRE (21.0.12+8-LTS), built on 2026-07-21T00:00:00Z by "admin" with MS VC++ 17.12 (VS2022)

END.
